7OUgmFRj;0vHATSYl;xkqEW6oB;uNZfr81D;PCIhatsy;5GM2ewJV;
bn4z39LX;KQdpci7O;UgmFRj0v;HATSYlxk;qEW6oBuN;Zfr81DPC;
Ihatsy5G;M2ewJVbn;4z39LXKQ;dpci7OUg;mFRj0vHA;TSYlxkqE;
W6oBuNZf;r81DPCIh;atsy5GM2;ewJVbn4z;39LXKQdp;ci7OUgmF;
Rj0vHATS;YlxkqEW6;oBuNZfr8;1DPCIhat;sy5GM2ew;JVbn4z39;
LXKQdpci;7OUgmFRj;0vHATSYl;xkqEW6oB;uNZfr81D;PCIhatsy;
5GM2ewJV;bn4z39LX;KQdpci7O;UgmFRj0v;HATSYlxk;qEW6oBuN;
Zfr81DPC;Ihatsy5G;M2ewJVbn;4z39LXKQ;dpci7OUg;mFRj0vHA;
TSYlxkqE;W6oBuNZf;r81DPCIh;atsy5GM2;ewJVbn4z;39LXKQdp;
ci7OUgmF;Rj0vHATS;YlxkqEW6;oBuNZfr8;1DPCIhat;sy5GM2ew;
JVbn4z39;LXKQdpci;7OUgmFRj;0vHATSYl;xkqEW6oB;uNZfr81D;
PCIhatsy;5GM2ewJV;bn4z39LX;KQdpci7O;UgmFRj0v;HATSYlxk;
qEW6oBuN;Zfr81DPC;Ihatsy5G;M2ewJVbn;4z39LXKQ;dpci7OUg;
mFRj0vHA;TSYlxkqE;W6oBuNZf;r81DPCIh;atsy5GM2;ewJVbn4z;
39LXKQdp;ci7OUgmF;Rj0vHATS;YlxkqEW6;oBuNZfr8;1DPCIhat;
sy5GM2ew;JVbn4z39;LXKQdpci;7OUgmFRj;0vHATSYl;xkqEW6oB;
uNZfr81D;PCIhatsy;5GM2ewJV;bn4z39LX;KQdpci7O;UgmFRj0v;
HATSYlxk;qEW6oBuN;Zfr81DPC;Ihatsy5G;M2ewJVbn;4z39LXKQ;
dpci7OUg;mFRj0vHA;TSYlxkqE;W6oBuNZf;r81DPCIh;atsy5GM2;
ewJVbn4z;39LXKQdp;ci7OUgmF;Rj0vHATS;YlxkqEW6;oBuNZfr8;
1DPCIhat;sy5GM2ew;JVbn4z39;LXKQdpci;7OUgmFRj;0vHATSYl;
xkqEW6oB;uNZfr81D;PCIhatsy;5GM2ewJV;bn4z39LX;KQdpci7O;
UgmFRj0v;HATSYlxk;qEW6oBuN;Zfr81DPC;Ihatsy5G;M2ewJVbn;
4z39LXKQ;dpci7OUg;mFRj0vHA;TSYlxkqE;W6oBuNZf;r81DPCIh;
atsy5GM2;ewJVbn4z;39LXKQdp;ci7OUgmF;Rj0vHATS;YlxkqEW6;
oBuNZfr8;1DPCIhat;sy5GM2ew;JVbn4z39;LXKQdpci;7OUgmFRj;
0vHATSYl;xkqEW6oB;uNZfr81D;PCIhatsy;5GM2ewJV;bn4z39LX;
KQdpci7O;UgmFRj0v;HATSYlxk;qEW6oBuN;Zfr81DPC;Ihatsy5G;
M2ewJVbn;4z39LXKQ;dpci7OUg;mFRj0vHA;TSYlxkqE;W6oBuNZf;
r81DPCIh;atsy5GM2;ewJVbn4z;39LXKQdp;ci7OUgmF;Rj0vHATS;
YlxkqEW6;oBuNZfr8;1DPCIhat;sy5GM2ew;JVbn4z39;LXKQdpci;
7OUgmFRj;0vHATSYl;xkqEW6oB;uNZfr81D;PCIhatsy;5GM2ewJV;
bn4z39LX;KQdpci7O;UgmFRj0v;HATSYlxk;qEW6oBuN;Zfr81DPC;
Ihatsy5G;M2ewJVbn;4z39LXKQ;dpci7OUg;mFRj0vHA;TSYlxkqE;
W6oBuNZf;r81DPCIh;atsy5GM2;ewJVbn4z;39LXKQdp;ci7OUgmF;
Rj0vHATS;YlxkqEW6;oBuNZfr8;1DPCIhat;sy5GM2ew;JVbn4z39;
LXKQdpci;7OUgmFRj;0vHATSYl;xkqEW6oB;uNZfr81D;PCIhatsy;
5GM2ewJV;bn4z39LX;KQdpci7O;UgmFRj0v;HATSYlxk;qEW6oBuN;
Zfr81DPC;Ihatsy5G;M2ewJVbn;4z39LXKQ;dpci7OUg;mFRj0vHA;
TSYlxkqE;W6oBuNZf;r81DPCIh;atsy5GM2;ewJVbn4z;39LXKQdp;
ci7OUgmF;Rj0vHATS;YlxkqEW6;oBuNZfr8;1DPCIhat;sy5GM2ew;
JVbn4z39;LXKQdpci;7OUgmFRj;0vHATSYl;xkqEW6oB;uNZfr81D;
PCIhatsy;5GM2ewJV;bn4z39LX;KQdpci7O;UgmFRj0v;HATSYlxk;
qEW6oBuN;Zfr81DPC;Ihatsy5G;M2ewJVbn;4z39LXKQ;dpci7OUg;
mFRj0vHA;TSYlxkqE;W6oBuNZf;r81DPCIh;atsy5GM2;ewJVbn4z;
39LXKQdp;ci7OUgmF;Rj0vHATS;YlxkqEW6;oBuNZfr8;1DPCIhat;
sy5GM2ew;JVbn4z39;LXKQdpci;7OUgmFRj;0vHATSYl;xkqEW6oB;
uNZfr81D;PCIhatsy;5GM2ewJV;bn4z39LX;KQdpci7O;UgmFRj0v;
HATSYlxk;qEW6oBuN;Zfr81DPC;Ihatsy5G;M2ewJVbn;4z39LXKQ;
dpci7OUg;mFRj0vHA;TSYlxkqE;W6oBuNZf;r81DPCIh;atsy5GM2;
ewJVbn4z;39LXKQdp;ci7OUgmF;Rj0vHATS;YlxkqEW6;oBuNZfr8;
1DPCIhat;sy5GM2ew;JVbn4z39;LXKQdpci;7OUgmFRj;0vHATSYl;
xkqEW6oB;uNZfr81D;PCIhatsy;5GM2ewJV;bn4z39LX;KQdpci7O;
UgmFRj0v;HATSYlxk;qEW6oBuN;Zfr81DPC;Ihatsy5G;M2ewJVbn;
4z39LXKQ;dpci7OUg;mFRj0vHA;TSYlxkqE;W6oBuNZf;r81DPCIh;
atsy5GM2;ewJVbn4z;39LXKQdp;ci7OUgmF;Rj0vHATS;YlxkqEW6;
oBuNZfr8;1DPCIhat;sy5GM2ew;JVbn4z39;LXKQdpci;7OUgmFRj;
0vHATSYl;xkqEW6oB;uNZfr81D;PCIhatsy;5GM2ewJV;bn4z39LX;
KQdpci7O;UgmFRj0v;HATSYlxk;qEW6oBuN;Zfr81DPC;Ihatsy5G;
M2ewJVbn;4z39LXKQ;dpci7OUg;mFRj0vHA;TSYlxkqE;W6oBuNZf;
r81DPCIh;atsy5GM2;ewJVbn4z;39LXKQdp;ci7OUgmF;Rj0vHATS;
YlxkqEW6;oBuNZfr8;1DPCIhat;sy5GM2ew;JVbn4z39;LXKQdpci;
7OUgmFRj;0vHATSYl;xkqEW6oB;uNZfr81D;PCIhatsy;5GM2ewJV;
bn4z39LX;KQdpci7O;UgmFRj0v;HATSYlxk;qEW6oBuN;Zfr81DPC;
Ihatsy5G;M2ewJVbn;4z39LXKQ;dpci7OUg;mFRj0vHA;TSYlxkqE;
W6oBuNZf;r81DPCIh;atsy5GM2;ewJVbn4z;39LXKQdp;ci7OUgmF;
Rj0vHATS;YlxkqEW6;oBuNZfr8;1DPCIhat;sy5GM2ew;JVbn4z39;
LXKQdpci;7OUgmFRj;0vHATSYl;xkqEW6oB;uNZfr81D;PCIhatsy;
5GM2ewJV;bn4z39LX;KQdpci7O;UgmFRj0v;HATSYlxk;qEW6oBuN;
Zfr81DPC;Ihatsy5G;M2ewJVbn;4z39LXKQ;dpci7OUg;mFRj0vHA;
TSYlxkqE;W6oBuNZf;r81DPCIh;atsy5GM2;ewJVbn4z;39LXKQdp;
ci7OUgmF;Rj0vHATS;YlxkqEW6;oBuNZfr8;1DPCIhat;sy5GM2ew;
JVbn4z39;LXKQdpci;7OUgmFRj;0vHATSYl;xkqEW6oB;uNZfr81D;
PCIhatsy;5GM2ewJV;bn4z39LX;KQdpci7O;UgmFRj0v;HATSYlxk;
qEW6oBuN;Zfr81DPC;Ihatsy5G;M2ewJVbn;4z39LXKQ;dpci7OUg;
mFRj0vHA;TSYlxkqE;W6oBuNZf;r81DPCIh;atsy5GM2;ewJVbn4z;
39LXKQdp;ci7OUgmF;Rj0vHATS;YlxkqEW6;oBuNZfr8;1DPCIhat;
sy5GM2ew;JVbn4z39;LXKQdpci;7OUgmFRj;0vHATSYl;xkqEW6oB;
uNZfr81D;PCIhatsy;5GM2ewJV;bn4z39LX;KQdpci7O;UgmFRj0v;
HATSYlxk;qEW6oBuN;Zfr81DPC;Ihatsy5G;M2ewJVbn;4z39LXKQ;
dpci7OUg;mFRj0vHA;TSYlxkqE;W6oBuNZf;r81DPCIh;atsy5GM2;
ewJVbn4z;39LXKQdp;ci7OUgmF;Rj0vHATS;YlxkqEW6;oBuNZfr8;
1DPCIhat;sy5GM2ew;JVbn4z39;LXKQdpci;7OUgmFRj;0vHATSYl;
xkqEW6oB;uNZfr81D;PCIhatsy;5GM2ewJV;bn4z39LX;KQdpci7O;
UgmFRj0v;HATSYlxk;qEW6oBuN;Zfr81DPC;Ihatsy5G;M2ewJVbn;
4z39LXKQ;dpci7OUg;mFRj0vHA;TSYlxkqE;W6oBuNZf;r81DPCIh;
atsy5GM2;ewJVbn4z;39LXKQdp;ci7OUgmF;Rj0vHATS;YlxkqEW6;
oBuNZfr8;1DPCIhat;sy5GM2ew;JVbn4z39;LXKQdpci;7OUgmFRj;
0vHATSYl;xkqEW6oB;uNZfr81D;PCIhatsy;5GM2ewJV;bn4z39LX;
KQdpci7O;UgmFRj0v;HATSYlxk;qEW6oBuN;Zfr81DPC;Ihatsy5G;
M2ewJVbn;4z39LXKQ;dpci7OUg;mFRj0vHA;TSYlxkqE;W6oBuNZf;
r81DPCIh;atsy5GM2;ewJVbn4z;39LXKQdp;ci7OUgmF;Rj0vHATS;
YlxkqEW6;oBuNZfr8;1DPCIhat;sy5GM2ew;JVbn4z39;LXKQdpci;
7OUgmFRj;0vHATSYl;xkqEW6oB;uNZfr81D;PCIhatsy;5GM2ewJV;
bn4z39LX;KQdpci7O;UgmFRj0v;HATSYlxk;qEW6oBuN;Zfr81DPC;
Ihatsy5G;M2ewJVbn;4z39LXKQ;dpci7OUg;mFRj0vHA;TSYlxkqE;
W6oBuNZf;r81DPCIh;atsy5GM2;ewJVbn4z;39LXKQdp;ci7OUgmF;
Rj0vHATS;YlxkqEW6;oBuNZfr8;1DPCIhat;sy5GM2ew;JVbn4z39;
LXKQdpci;7OUgmFRj;0vHATSYl;xkqEW6oB;uNZfr81D;PCIhatsy;
5GM2ewJV;bn4z39LX;KQdpci7O;UgmFRj0v;HATSYlxk;qEW6oBuN;
Zfr81DPC;Ihatsy5G;M2ewJVbn;4z39LXKQ;dpci7OUg;mFRj0vHA;
TSYlxkqE;W6oBuNZf;r81DPCIh;atsy5GM2;ewJVbn4z;39LXKQdp;
ci7OUgmF;Rj0vHATS;YlxkqEW6;oBuNZfr8;1DPCIhat;sy5GM2ew;
JVbn4z39;LXKQdpci;7OUgmFRj;0vHATSYl;xkqEW6oB;uNZfr81D;
PCIhatsy;5GM2ewJV;bn4z39LX;KQdpci7O;UgmFRj0v;HATSYlxk;
qEW6oBuN;Zfr81DPC;Ihatsy5G;M2ewJVbn;4z39LXKQ;dpci7OUg;
mFRj0vHA;TSYlxkqE;W6oBuNZf;r81DPCIh;atsy5GM2;ewJVbn4z;
39LXKQdp;ci7OUgmF;Rj0vHATS;YlxkqEW6;oBuNZfr8;1DPCIhat;
sy5GM2ew;JVbn4z39;LXKQdpci;7OUgmFRj;0vHATSYl;xkqEW6oB;
uNZfr81D;PCIhatsy;5GM2ewJV;bn4z39LX;KQdpci7O;UgmFRj0v;
HATSYlxk;qEW6oBuN;Zfr81DPC;Ihatsy5G;M2ewJVbn;4z39LXKQ;
dpci7OUg;mFRj0vHA;TSYlxkqE;W6oBuNZf;r81DPCIh;atsy5GM2;
ewJVbn4z;39LXKQdp;ci7OUgmF;Rj0vHATS;YlxkqEW6;oBuNZfr8;
1DPCIhat;sy5GM2ew;JVbn4z39;LXKQdpci;7OUgmFRj;0vHATSYl;
xkqEW6oB;uNZfr81D;PCIhatsy;5GM2ewJV;bn4z39LX;KQdpci7O;
UgmFRj0v;HATSYlxk;qEW6oBuN;Zfr81DPC;Ihatsy5G;M2ewJVbn;
4z39LXKQ;dpci7OUg;mFRj0vHA;TSYlxkqE;W6oBuNZf;r81DPCIh;
atsy5GM2;ewJVbn4z;39LXKQdp;ci7OUgmF;Rj0vHATS;YlxkqEW6;
oBuNZfr8;1DPCIhat;sy5GM2ew;JVbn4z39;LXKQdpci;7OUgmFRj;
0vHATSYl;xkqEW6oB;uNZfr81D;PCIhatsy;5GM2ewJV;bn4z39LX;
KQdpci7O;UgmFRj0v;HATSYlxk;qEW6oBuN;Zfr81DPC;Ihatsy5G;
M2ewJVbn;4z39LXKQ;dpci7OUg;mFRj0vHA;TSYlxkqE;W6oBuNZf;
r81DPCIh;atsy5GM2;ewJVbn4z;39LXKQdp;ci7OUgmF;Rj0vHATS;
YlxkqEW6;oBuNZfr8;1DPCIhat;sy5GM2ew;JVbn4z39;LXKQdpci;
7OUgmFRj;0vHATSYl;xkqEW6oB;uNZfr81D;PCIhatsy;5GM2ewJV;
bn4z39LX;KQdpci7O;UgmFRj0v;HATSYlxk;qEW6oBuN;Zfr81DPC;
Ihatsy5G;M2ewJVbn;4z39LXKQ;dpci7OUg;mFRj0vHA;TSYlxkqE;
W6oBuNZf;r81DPCIh;atsy5GM2;ewJVbn4z;39LXKQdp;ci7OUgmF;
Rj0vHATS;YlxkqEW6;oBuNZfr8;1DPCIhat;sy5GM2ew;JVbn4z39;
LXKQdpci;7OUgmFRj;0vHATSYl;xkqEW6oB;uNZfr81D;PCIhatsy;
5GM2ewJV;bn4z39LX;KQdpci7O;UgmFRj0v;HATSYlxk;qEW6oBuN;
Zfr81DPC;Ihatsy5G;M2ewJVbn;4z39LXKQ;dpci7OUg;mFRj0vHA;
TSYlxkqE;W6oBuNZf;r81DPCIh;atsy5GM2;ewJVbn4z;39LXKQdp;
ci7OUgmF;Rj0vHATS;YlxkqEW6;oBuNZfr8;1DPCIhat;sy5GM2ew;
JVbn4z39;LXKQdpci;7OUgmFRj;0vHATSYl;xkqEW6oB;uNZfr81D;
PCIhatsy;5GM2ewJV;bn4z39LX;KQdpci7O;UgmFRj0v;HATSYlxk;
qEW6oBuN;Zfr81DPC;Ihatsy5G;M2ewJVbn;4z39LXKQ;dpci7OUg;
mFRj0vHA;TSYlxkqE;W6oBuNZf;r81DPCIh;atsy5GM2;ewJVbn4z;
39LXKQdp;ci7OUgmF;Rj0vHATS;YlxkqEW6;oBuNZfr8;1DPCIhat;
sy5GM2ew;JVbn4z39;LXKQdpci;7OUgmFRj;0vHATSYl;xkqEW6oB;
uNZfr81D;PCIhatsy;5GM2ewJV;bn4z39LX;KQdpci7O;UgmFRj0v;
HATSYlxk;qEW6oBuN;Zfr81DPC;Ihatsy5G;M2ewJVbn;4z39LXKQ;
dpci7OUg;mFRj0vHA;TSYlxkqE;W6oBuNZf;r81DPCIh;atsy5GM2;
ewJVbn4z;39LXKQdp;ci7OUgmF;Rj0vHATS;YlxkqEW6;oBuNZfr8;
1DPCIhat;sy5GM2ew;JVbn4z39;LXKQdpci;7OUgmFRj;0vHATSYl;
xkqEW6oB;uNZfr81D;PCIhatsy;5GM2ewJV;bn4z39LX;KQdpci7O;
UgmFRj0v;HATSYlxk;qEW6oBuN;Zfr81DPC;Ihatsy5G;M2ewJVbn;
4z39LXKQ;dpci7OUg;mFRj0vHA;TSYlxkqE;W6oBuNZf;r81DPCIh;
atsy5GM2;ewJVbn4z;39LXKQdp;ci7OUgmF;Rj0vHATS;YlxkqEW6;
oBuNZfr8;1DPCIhat;sy5GM2ew;JVbn4z39;LXKQdpci;7OUgmFRj;
0vHATSYl;xkqEW6oB;uNZfr81D;PCIhatsy;5GM2ewJV;bn4z39LX;
KQdpci7O;UgmFRj0v;HATSYlxk;qEW6oBuN;Zfr81DPC;Ihatsy5G;
M2ewJVbn;4z39LXKQ;dpci7OUg;mFRj0vHA;TSYlxkqE;W6oBuNZf;
r81DPCIh;atsy5GM2;ewJVbn4z;39LXKQdp;ci7OUgmF;Rj0vHATS;
YlxkqEW6;oBuNZfr8;1DPCIhat;sy5GM2ew;JVbn4z39;LXKQdpci;
7OUgmFRj;0vHATSYl;xkqEW6oB;uNZfr81D;PCIhatsy;5GM2ewJV;
bn4z39LX;KQdpci7O;UgmFRj0v;HATSYlxk;qEW6oBuN;Zfr81DPC;
Ihatsy5G;M2ewJVbn;4z39LXKQ;dpci7OUg;mFRj0vHA;TSYlxkqE;
W6oBuNZf;r81DPCIh;atsy5GM2;ewJVbn4z;39LXKQdp;ci7OUgmF;
Rj0vHATS;YlxkqEW6;oBuNZfr8;1DPCIhat;sy5GM2ew;JVbn4z39;
LXKQdpci;7OUgmFRj;0vHATSYl;xkqEW6oB;uNZfr81D;PCIhatsy;
5GM2ewJV;bn4z39LX;KQdpci7O;UgmFRj0v;HATSYlxk;qEW6oBuN;
Zfr81DPC;Ihatsy5G;M2ewJVbn;4z39LXKQ;dpci7OUg;mFRj0vHA;
TSYlxkqE;W6oBuNZf;r81DPCIh;atsy5GM2;ewJVbn4z;39LXKQdp;
ci7OUgmF;Rj0vHATS;YlxkqEW6;oBuNZfr8;1DPCIhat;sy5GM2ew;
JVbn4z39;LXKQdpci;7OUgmFRj;0vHATSYl;xkqEW6oB;uNZfr81D;
PCIhatsy;5GM2ewJV;bn4z39LX;KQdpci7O;UgmFRj0v;HATSYlxk;
qEW6oBuN;Zfr81DPC;Ihatsy5G;M2ewJVbn;4z39LXKQ;dpci7OUg;
mFRj0vHA;TSYlxkqE;W6oBuNZf;r81DPCIh;atsy5GM2;ewJVbn4z;
39LXKQdp;ci7OUgmF;Rj0vHATS;YlxkqEW6;oBuNZfr8;1DPCIhat;
sy5GM2ew;JVbn4z39;LXKQdpci;7OUgmFRj;0vHATSYl;xkqEW6oB;
uNZfr81D;PCIhatsy;5GM2ewJV;bn4z39LX;KQdpci7O;UgmFRj0v;
HATSYlxk;qEW6oBuN;Zfr81DPC;Ihatsy5G;M2ewJVbn;4z39LXKQ;
dpci7OUg;mFRj0vHA;TSYlxkqE;W6oBuNZf;r81DPCIh;atsy5GM2;
ewJVbn4z;39LXKQdp;ci7OUgmF;Rj0vHATS;YlxkqEW6;oBuNZfr8;
1DPCIhat;sy5GM2ew;JVbn4z39;LXKQdpci;7OUgmFRj;0vHATSYl;
xkqEW6oB;uNZfr81D;PCIhatsy;5GM2ewJV;bn4z39LX;KQdpci7O;
UgmFRj0v;HATSYlxk;qEW6oBuN;Zfr81DPC;Ihatsy5G;M2ewJVbn;
4z39LXKQ;dpci7OUg;mFRj0vHA;TSYlxkqE;W6oBuNZf;r81DPCIh;
atsy5GM2;ewJVbn4z;39LXKQdp;ci7OUgmF;Rj0vHATS;YlxkqEW6;
oBuNZfr8;1DPCIhat;sy5GM2ew;JVbn4z39;LXKQdpci;7OUgmFRj;
0vHATSYl;xkqEW6oB;uNZfr81D;PCIhatsy;5GM2ewJV;bn4z39LX;
KQdpci7O;UgmFRj0v;HATSYlxk;qEW6oBuN;Zfr81DPC;Ihatsy5G;
M2ewJVbn;4z39LXKQ;dpci7OUg;mFRj0vHA;TSYlxkqE;W6oBuNZf;
r81DPCIh;atsy5GM2;ewJVbn4z;39LXKQdp;ci7OUgmF;Rj0vHATS;
YlxkqEW6;oBuNZfr8;1DPCIhat;sy5GM2ew;JVbn4z39;LXKQdpci;
7OUgmFRj;0vHATSYl;xkqEW6oB;uNZfr81D;PCIhatsy;5GM2ewJV;
bn4z39LX;KQdpci7O;UgmFRj0v;HATSYlxk;qEW6oBuN;Zfr81DPC;
Ihatsy5G;M2ewJVbn;4z39LXKQ;dpci7OUg;mFRj0vHA;TSYlxkqE;
W6oBuNZf;r81DPCIh;atsy5GM2;ewJVbn4z;39LXKQdp;ci7OUgmF;
Rj0vHATS;YlxkqEW6;oBuNZfr8;1DPCIhat;sy5GM2ew;JVbn4z39;
LXKQdpci;7OUgmFRj;0vHATSYl;xkqEW6oB;uNZfr81D;PCIhatsy;
5GM2ewJV;bn4z39LX;KQdpci7O;UgmFRj0v;HATSYlxk;qEW6oBuN;
Zfr81DPC;Ihatsy5G;M2ewJVbn;4z39LXKQ;dpci7OUg;mFRj0vHA;
TSYlxkqE;W6oBuNZf;r81DPCIh;atsy5GM2;ewJVbn4z;39LXKQdp;
ci7OUgmF;Rj0vHATS;YlxkqEW6;oBuNZfr8;1DPCIhat;sy5GM2ew;
JVbn4z39;LXKQdpci;7OUgmFRj;0vHATSYl;xkqEW6oB;uNZfr81D;
PCIhatsy;5GM2ewJV;bn4z39LX;KQdpci7O;UgmFRj0v;HATSYlxk;
qEW6oBuN;Zfr81DPC;Ihatsy5G;M2ewJVbn;4z39LXKQ;dpci7OUg;
mFRj0vHA;TSYlxkqE;W6oBuNZf;r81DPCIh;atsy5GM2;ewJVbn4z;
39LXKQdp;ci7OUgmF;Rj0vHATS;YlxkqEW6;oBuNZfr8;1DPCIhat;
sy5GM2ew;JVbn4z39;LXKQdpci;7OUgmFRj;0vHATSYl;xkqEW6oB;
uNZfr81D;PCIhatsy;5GM2ewJV;bn4z39LX;KQdpci7O;UgmFRj0v;
HATSYlxk;qEW6oBuN;Zfr81DPC;Ihatsy5G;M2ewJVbn;4z39LXKQ;
dpci7OUg;mFRj0vHA;TSYlxkqE;W6oBuNZf;r81DPCIh;atsy5GM2;
ewJVbn4z;39LXKQdp;ci7OUgmF;Rj0vHATS;YlxkqEW6;oBuNZfr8;
1DPCIhat;sy5GM2ew;JVbn4z39;LXKQdpci;7OUgmFRj;0vHATSYl;
xkqEW6oB;uNZfr81D;PCIhatsy;5GM2ewJV;bn4z39LX;KQdpci7O;
UgmFRj0v;HATSYlxk;qEW6oBuN;Zfr81DPC;Ihatsy5G;M2ewJVbn;
4z39LXKQ;dpci7OUg;mFRj0vHA;TSYlxkqE;W6oBuNZf;r81DPCIh;
atsy5GM2;ewJVbn4z;39LXKQdp;ci7OUgmF;Rj0vHATS;YlxkqEW6;
oBuNZfr8;1DPCIhat;sy5GM2ew;JVbn4z39;LXKQdpci;7OUgmFRj;
0vHATSYl;xkqEW6oB;uNZfr81D;PCIhatsy;5GM2ewJV;bn4z39LX;
KQdpci7O;UgmFRj0v;HATSYlxk;qEW6oBuN;Zfr81DPC;Ihatsy5G;
M2ewJVbn;4z39LXKQ;dpci7OUg;mFRj0vHA;TSYlxkqE;W6oBuNZf;
r81DPCIh;atsy5GM2;ewJVbn4z;39LXKQdp;ci7OUgmF;Rj0vHATS;
YlxkqEW6;oBuNZfr8;1DPCIhat;sy5GM2ew;JVbn4z39;LXKQdpci;
7OUgmFRj;0vHATSYl;xkqEW6oB;uNZfr81D;PCIhatsy;5GM2ewJV;
bn4z39LX;KQdpci7O;UgmFRj0v;HATSYlxk;qEW6oBuN;Zfr81DPC;
Ihatsy5G;M2ewJVbn;4z39LXKQ;dpci7OUg;mFRj0vHA;TSYlxkqE;
W6oBuNZf;r81DPCIh;atsy5GM2;ewJVbn4z;39LXKQdp;ci7OUgmF;
Rj0vHATS;YlxkqEW6;oBuNZfr8;1DPCIhat;sy5GM2ew;JVbn4z39;
LXKQdpci;7OUgmFRj;0vHATSYl;xkqEW6oB;uNZfr81D;PCIhatsy;
5GM2ewJV;bn4z39LX;KQdpci7O;UgmFRj0v;HATSYlxk;qEW6oBuN;
Zfr81DPC;Ihatsy5G;M2ewJVbn;4z39LXKQ;dpci7OUg;mFRj0vHA;
TSYlxkqE;W6oBuNZf;r81DPCIh;atsy5GM2;ewJVbn4z;39LXKQdp;
ci7OUgmF;Rj0vHATS;YlxkqEW6;oBuNZfr8;1DPCIhat;sy5GM2ew;
JVbn4z39;LXKQdpci;7OUgmFRj;0vHATSYl;xkqEW6oB;uNZfr81D;
PCIhatsy;5GM2ewJV;bn4z39LX;KQdpci7O;UgmFRj0v;HATSYlxk;
qEW6oBuN;Zfr81DPC;Ihatsy5G;M2ewJVbn;4z39LXKQ;dpci7OUg;
mFRj0vHA;TSYlxkqE;W6oBuNZf;r81DPCIh;atsy5GM2;ewJVbn4z;
39LXKQdp;ci7OUgmF;Rj0vHATS;YlxkqEW6;oBuNZfr8;1DPCIhat;
sy5GM2ew;JVbn4z39;LXKQdpci;7OUgmFRj;0vHATSYl;xkqEW6oB;
uNZfr81D;PCIhatsy;5GM2ewJV;bn4z39LX;KQdpci7O;UgmFRj0v;
HATSYlxk;qEW6oBuN;Zfr81DPC;Ihatsy5G;M2ewJVbn;4z39LXKQ;
dpci7OUg;mFRj0vHA;TSYlxkqE;W6oBuNZf;r81DPCIh;atsy5GM2;
ewJVbn4z;39LXKQdp;ci7OUgmF;Rj0vHATS;YlxkqEW6;oBuNZfr8;
1DPCIhat;sy5GM2ew;JVbn4z39;LXKQdpci;7OUgmFRj;0vHATSYl;
xkqEW6oB;uNZfr81D;PCIhatsy;5GM2ewJV;bn4z39LX;KQdpci7O;
UgmFRj0v;HATSYlxk;qEW6oBuN;Zfr81DPC;Ihatsy5G;M2ewJVbn;
4z39LXKQ;dpci7OUg;mFRj0vHA;TSYlxkqE;W6oBuNZf;r81DPCIh;
atsy5GM2;ewJVbn4z;39LXKQdp;ci7OUgmF;Rj0vHATS;YlxkqEW6;
oBuNZfr8;1DPCIhat;sy5GM2ew;JVbn4z39;LXKQdpci;7OUgmFRj;
0vHATSYl;xkqEW6oB;uNZfr81D;PCIhatsy;5GM2ewJV;bn4z39LX;
KQdpci7O;UgmFRj0v;HATSYlxk;qEW6oBuN;Zfr81DPC;Ihatsy5G;
M2ewJVbn;4z39LXKQ;dpci7OUg;mFRj0vHA;TSYlxkqE;W6oBuNZf;
r81DPCIh;atsy5GM2;ewJVbn4z;39LXKQdp;ci7OUgmF;Rj0vHATS;
YlxkqEW6;oBuNZfr8;1DPCIhat;sy5GM2ew;JVbn4z39;LXKQdpci;
7OUgmFRj;0vHATSYl;xkqEW6oB;uNZfr81D;PCIhatsy;5GM2ewJV;
bn4z39LX;KQdpci7O;UgmFRj0v;HATSYlxk;qEW6oBuN;Zfr81DPC;
Ihatsy5G;M2ewJVbn;4z39LXKQ;dpci7OUg;mFRj0vHA;TSYlxkqE;
W6oBuNZf;r81DPCIh;atsy5GM2;ewJVbn4z;39LXKQdp;ci7OUgmF;
Rj0vHATS;YlxkqEW6;oBuNZfr8;1DPCIhat;sy5GM2ew;JVbn4z39;
LXKQdpci;7OUgmFRj;0vHATSYl;xkqEW6oB;uNZfr81D;PCIhatsy;
5GM2ewJV;bn4z39LX;KQdpci7O;UgmFRj0v;HATSYlxk;qEW6oBuN;
Zfr81DPC;Ihatsy5G;M2ewJVbn;4z39LXKQ;dpci7OUg;mFRj0vHA;
TSYlxkqE;W6oBuNZf;r81DPCIh;atsy5GM2;ewJVbn4z;39LXKQdp;
ci7OUgmF;Rj0vHATS;YlxkqEW6;oBuNZfr8;1DPCIhat;sy5GM2ew;
JVbn4z39;LXKQdpci;7OUgmFRj;0vHATSYl;xkqEW6oB;uNZfr81D;
PCIhatsy;5GM2ewJV;bn4z39LX;KQdpci7O;UgmFRj0v;HATSYlxk;
qEW6oBuN;Zfr81DPC;Ihatsy5G;M2ewJVbn;4z39LXKQ;dpci7OUg;
mFRj0vHA;TSYlxkqE;W6oBuNZf;r81DPCIh;atsy5GM2;ewJVbn4z;
39LXKQdp;ci7OUgmF;Rj0vHATS;YlxkqEW6;oBuNZfr8;1DPCIhat;
sy5GM2ew;JVbn4z39;LXKQdpci;7OUgmFRj;0vHATSYl;xkqEW6oB;
uNZfr81D;PCIhatsy;5GM2ewJV;bn4z39LX;KQdpci7O;UgmFRj0v;
HATSYlxk;qEW6oBuN;Zfr81DPC;Ihatsy5G;M2ewJVbn;4z39LXKQ;
dpci7OUg;mFRj0vHA;TSYlxkqE;W6oBuNZf;r81DPCIh;atsy5GM2;
ewJVbn4z;39LXKQdp;ci7OUgmF;Rj0vHATS;YlxkqEW6;oBuNZfr8;
1DPCIhat;sy5GM2ew;JVbn4z39;LXKQdpci;7OUgmFRj;0vHATSYl;
xkqEW6oB;uNZfr81D;PCIhatsy;5GM2ewJV;bn4z39LX;KQdpci7O;
UgmFRj0v;HATSYlxk;qEW6oBuN;Zfr81DPC;Ihatsy5G;M2ewJVbn;
4z39LXKQ;dpci7OUg;mFRj0vHA;TSYlxkqE;W6oBuNZf;r81DPCIh;
atsy5GM2;ewJVbn4z;39LXKQdp;ci7OUgmF;Rj0vHATS;YlxkqEW6;
oBuNZfr8;1DPCIhat;sy5GM2ew;JVbn4z39;LXKQdpci;7OUgmFRj;
0vHATSYl;xkqEW6oB;uNZfr81D;PCIhatsy;5GM2ewJV;bn4z39LX;
KQdpci7O;UgmFRj0v;HATSYlxk;qEW6oBuN;Zfr81DPC;Ihatsy5G;
M2ewJVbn;4z39LXKQ;dpci7OUg;mFRj0vHA;TSYlxkqE;W6oBuNZf;
r81DPCIh;atsy5GM2;ewJVbn4z;39LXKQdp;ci7OUgmF;Rj0vHATS;
YlxkqEW6;oBuNZfr8;1DPCIhat;sy5GM2ew;JVbn4z39;LXKQdpci;
7OUgmFRj;0vHATSYl;xkqEW6oB;uNZfr81D;PCIhatsy;5GM2ewJV;
bn4z39LX;KQdpci7O;UgmFRj0v;HATSYlxk;qEW6oBuN;Zfr81DPC;
Ihatsy5G;M2ewJVbn;4z39LXKQ;dpci7OUg;mFRj0vHA;TSYlxkqE;
W6oBuNZf;r81DPCIh;atsy5GM2;ewJVbn4z;39LXKQdp;ci7OUgmF;
Rj0vHATS;YlxkqEW6;oBuNZfr8;1DPCIhat;sy5GM2ew;JVbn4z39;
LXKQdpci;7OUgmFRj;0vHATSYl;xkqEW6oB;uNZfr81D;PCIhatsy;
5GM2ewJV;bn4z39LX;KQdpci7O;UgmFRj0v;HATSYlxk;qEW6oBuN;
Zfr81DPC;Ihatsy5G;M2ewJVbn;4z39LXKQ;dpci7OUg;mFRj0vHA;
TSYlxkqE;W6oBuNZf;r81DPCIh;atsy5GM2;ewJVbn4z;39LXKQdp;
ci7OUgmF;Rj0vHATS;YlxkqEW6;oBuNZfr8;1DPCIhat;sy5GM2ew;
JVbn4z39;LXKQdpci;7OUgmFRj;0vHATSYl;xkqEW6oB;uNZfr81D;
PCIhatsy;5GM2ewJV;bn4z39LX;KQdpci7O;UgmFRj0v;HATSYlxk;
qEW6oBuN;Zfr81DPC;Ihatsy5G;M2ewJVbn;4z39LXKQ;dpci7OUg;
mFRj0vHA;TSYlxkqE;W6oBuNZf;r81DPCIh;atsy5GM2;ewJVbn4z;
39LXKQdp;ci7OUgmF;Rj0vHATS;YlxkqEW6;oBuNZfr8;1DPCIhat;
sy5GM2ew;JVbn4z39;LXKQdpci;7OUgmFRj;0vHATSYl;xkqEW6oB;
uNZfr81D;PCIhatsy;5GM2ewJV;bn4z39LX;KQdpci7O;UgmFRj0v;
HATSYlxk;qEW6oBuN;Zfr81DPC;Ihatsy5G;M2ewJVbn;4z39LXKQ;
dpci7OUg;mFRj0vHA;TSYlxkqE;W6oBuNZf;r81DPCIh;atsy5GM2;
ewJVbn4z;39LXKQdp;ci7OUgmF;Rj0vHATS;YlxkqEW6;oBuNZfr8;
1DPCIhat;sy5GM2ew;JVbn4z39;LXKQdpci;7OUgmFRj;0vHATSYl;
xkqEW6oB;uNZfr81D;PCIhatsy;5GM2ewJV;bn4z39LX;KQdpci7O;
UgmFRj0v;HATSYlxk;qEW6oBuN;Zfr81DPC;Ihatsy5G;M2ewJVbn;
4z39LXKQ;dpci7OUg;mFRj0vHA;TSYlxkqE;W6oBuNZf;r81DPCIh;
atsy5GM2;ewJVbn4z;39LXKQdp;ci7OUgmF;Rj0vHATS;YlxkqEW6;
oBuNZfr8;1DPCIhat;sy5GM2ew;JVbn4z39;LXKQdpci;7OUgmFRj;
0vHATSYl;xkqEW6oB;uNZfr81D;PCIhatsy;5GM2ewJV;bn4z39LX;
KQdpci7O;UgmFRj0v;HATSYlxk;qEW6oBuN;Zfr81DPC;Ihatsy5G;
M2ewJVbn;4z39LXKQ;dpci7OUg;mFRj0vHA;TSYlxkqE;W6oBuNZf;
r81DPCIh;atsy5GM2;ewJVbn4z;39LXKQdp;ci7OUgmF;Rj0vHATS;
YlxkqEW6;oBuNZfr8;1DPCIhat;sy5GM2ew;JVbn4z39;LXKQdpci;
7OUgmFRj;0vHATSYl;xkqEW6oB;uNZfr81D;PCIhatsy;5GM2ewJV;
bn4z39LX;KQdpci7O;UgmFRj0v;HATSYlxk;qEW6oBuN;Zfr81DPC;
Ihatsy5G;M2ewJVbn;4z39LXKQ;dpci7OUg;mFRj0vHA;TSYlxkqE;
W6oBuNZf;r81DPCIh;atsy5GM2;ewJVbn4z;39LXKQdp;ci7OUgmF;
Rj0vHATS;YlxkqEW6;oBuNZfr8;1DPCIhat;sy5GM2ew;JVbn4z39;
LXKQdpci;7OUgmFRj;0vHATSYl;xkqEW6oB;uNZfr81D;PCIhatsy;
5GM2ewJV;bn4z39LX;KQdpci7O;UgmFRj0v;HATSYlxk;qEW6oBuN;
Zfr81DPC;Ihatsy5G;M2ewJVbn;4z39LXKQ;dpci7OUg;mFRj0vHA;
TSYlxkqE;W6oBuNZf;r81DPCIh;atsy5GM2;ewJVbn4z;39LXKQdp;
ci7OUgmF;Rj0vHATS;YlxkqEW6;oBuNZfr8;1DPCIhat;sy5GM2ew;
JVbn4z39;LXKQdpci;7OUgmFRj;0vHATSYl;xkqEW6oB;uNZfr81D;
PCIhatsy;5GM2ewJV;bn4z39LX;KQdpci7O;UgmFRj0v;HATSYlxk;
qEW6oBuN;Zfr81DPC;Ihatsy5G;M2ewJVbn;4z39LXKQ;dpci7OUg;
mFRj0vHA;TSYlxkqE;W6oBuNZf;r81DPCIh;atsy5GM2;ewJVbn4z;
39LXKQdp;ci7OUgmF;Rj0vHATS;YlxkqEW6;oBuNZfr8;1DPCIhat;
sy5GM2ew;JVbn4z39;LXKQdpci;7OUgmFRj;0vHATSYl;xkqEW6oB;
uNZfr81D;PCIhatsy;5GM2ewJV;bn4z39LX;KQdpci7O;UgmFRj0v;
HATSYlxk;qEW6oBuN;Zfr81DPC;Ihatsy5G;M2ewJVbn;4z39LXKQ;
dpci7OUg;mFRj0vHA;TSYlxkqE;W6oBuNZf;r81DPCIh;atsy5GM2;
ewJVbn4z;39LXKQdp;ci7OUgmF;Rj0vHATS;YlxkqEW6;oBuNZfr8;
1DPCIhat;sy5GM2ew;JVbn4z39;LXKQdpci;7OUgmFRj;0vHATSYl;
xkqEW6oB;uNZfr81D;PCIhatsy;5GM2ewJV;bn4z39LX;KQdpci7O;
UgmFRj0v;HATSYlxk;qEW6oBuN;Zfr81DPC;Ihatsy5G;M2ewJVbn;
4z39LXKQ;dpci7OUg;mFRj0vHA;TSYlxkqE;W6oBuNZf;r81DPCIh;
atsy5GM2;ewJVbn4z;39LXKQdp;ci7OUgmF;Rj0vHATS;YlxkqEW6;
oBuNZfr8;1DPCIhat;sy5GM2ew;JVbn4z39;LXKQdpci;7OUgmFRj;
0vHATSYl;xkqEW6oB;uNZfr81D;PCIhatsy;5GM2ewJV;bn4z39LX;
KQdpci7O;UgmFRj0v;HATSYlxk;qEW6oBuN;Zfr81DPC;Ihatsy5G;
M2ewJVbn;4z39LXKQ;dpci7OUg;mFRj0vHA;TSYlxkqE;W6oBuNZf;
r81DPCIh;atsy5GM2;ewJVbn4z;39LXKQdp;ci7OUgmF;Rj0vHATS;
YlxkqEW6;oBuNZfr8;1DPCIhat;sy5GM2ew;JVbn4z39;LXKQdpci;
7OUgmFRj;0vHATSYl;xkqEW6oB;uNZfr81D;PCIhatsy;5GM2ewJV;
bn4z39LX;KQdpci7O;UgmFRj0v;HATSYlxk;qEW6oBuN;Zfr81DPC;
Ihatsy5G;M2ewJVbn;4z39LXKQ;dpci7OUg;mFRj0vHA;TSYlxkqE;
W6oBuNZf;r81DPCIh;atsy5GM2;ewJVbn4z;39LXKQdp;ci7OUgmF;
Rj0vHATS;YlxkqEW6;oBuNZfr8;1DPCIhat;sy5GM2ew;JVbn4z39;
LXKQdpci;7OUgmFRj;0vHATSYl;xkqEW6oB;uNZfr81D;PCIhatsy;
5GM2ewJV;bn4z39LX;KQdpci7O;UgmFRj0v;HATSYlxk;qEW6oBuN;
Zfr81DPC;Ihatsy5G;M2ewJVbn;4z39LXKQ;dpci7OUg;mFRj0vHA;
TSYlxkqE;W6oBuNZf;r81DPCIh;atsy5GM2;ewJVbn4z;39LXKQdp;
ci7OUgmF;Rj0vHATS;YlxkqEW6;oBuNZfr8;1DPCIhat;sy5GM2ew;
JVbn4z39;LXKQdpci;7OUgmFRj;0vHATSYl;xkqEW6oB;uNZfr81D;
PCIhatsy;5GM2ewJV;bn4z39LX;KQdpci7O;UgmFRj0v;HATSYlxk;
qEW6oBuN;Zfr81DPC;Ihatsy5G;M2ewJVbn;4z39LXKQ;dpci7OUg;
mFRj0vHA;TSYlxkqE;W6oBuNZf;r81DPCIh;atsy5GM2;ewJVbn4z;
39LXKQdp;ci7OUgmF;Rj0vHATS;YlxkqEW6;oBuNZfr8;1DPCIhat;
sy5GM2ew;JVbn4z39;LXKQdpci;7OUgmFRj;0vHATSYl;xkqEW6oB;
uNZfr81D;PCIhatsy;5GM2ewJV;bn4z39LX;KQdpci7O;UgmFRj0v;
HATSYlxk;qEW6oBuN;Zfr81DPC;Ihatsy5G;M2ewJVbn;4z39LXKQ;
dpci7OUg;mFRj0vHA;TSYlxkqE;W6oBuNZf;r81DPCIh;atsy5GM2;
ewJVbn4z;39LXKQdp;ci7OUgmF;Rj0vHATS;YlxkqEW6;oBuNZfr8;
1DPCIhat;sy5GM2ew;JVbn4z39;LXKQdpci;7OUgmFRj;0vHATSYl;
xkqEW6oB;uNZfr81D;PCIhatsy;5GM2ewJV;bn4z39LX;KQdpci7O;
UgmFRj0v;HATSYlxk;qEW6oBuN;Zfr81DPC;Ihatsy5G;M2ewJVbn;
4z39LXKQ;dpci7OUg;mFRj0vHA;TSYlxkqE;W6oBuNZf;r81DPCIh;
atsy5GM2;ewJVbn4z;39LXKQdp;ci7OUgmF;Rj0vHATS;YlxkqEW6;
oBuNZfr8;1DPCIhat;sy5GM2ew;JVbn4z39;LXKQdpci;7OUgmFRj;
0vHATSYl;xkqEW6oB;uNZfr81D;PCIhatsy;5GM2ewJV;bn4z39LX;
KQdpci7O;UgmFRj0v;HATSYlxk;qEW6oBuN;Zfr81DPC;Ihatsy5G;
M2ewJVbn;4z39LXKQ;dpci7OUg;mFRj0vHA;TSYlxkqE;W6oBuNZf;
r81DPCIh;atsy5GM2;ewJVbn4z;39LXKQdp;ci7OUgmF;Rj0vHATS;
YlxkqEW6;oBuNZfr8;1DPCIhat;sy5GM2ew;JVbn4z39;LXKQdpci;
7OUgmFRj;0vHATSYl;xkqEW6oB;uNZfr81D;PCIhatsy;5GM2ewJV;
bn4z39LX;KQdpci7O;UgmFRj0v;HATSYlxk;qEW6oBuN;Zfr81DPC;
Ihatsy5G;M2ewJVbn;4z39LXKQ;dpci7OUg;mFRj0vHA;TSYlxkqE;
W6oBuNZf;r81DPCIh;atsy5GM2;ewJVbn4z;39LXKQdp;ci7OUgmF;
Rj0vHATS;YlxkqEW6;oBuNZfr8;1DPCIhat;sy5GM2ew;JVbn4z39;
LXKQdpci;7OUgmFRj;0vHATSYl;xkqEW6oB;uNZfr81D;PCIhatsy;
5GM2ewJV;bn4z39LX;KQdpci7O;UgmFRj0v;HATSYlxk;qEW6oBuN;
Zfr81DPC;Ihatsy5G;M2ewJVbn;4z39LXKQ;dpci7OUg;mFRj0vHA;
TSYlxkqE;W6oBuNZf;r81DPCIh;atsy5GM2;ewJVbn4z;39LXKQdp;
ci7OUgmF;Rj0vHATS;YlxkqEW6;oBuNZfr8;1DPCIhat;sy5GM2ew;
JVbn4z39;LXKQdpci;7OUgmFRj;0vHATSYl;xkqEW6oB;uNZfr81D;
PCIhatsy;5GM2ewJV;bn4z39LX;KQdpci7O;UgmFRj0v;HATSYlxk;
qEW6oBuN;Zfr81DPC;Ihatsy5G;M2ewJVbn;4z39LXKQ;dpci7OUg;
mFRj0vHA;TSYlxkqE;W6oBuNZf;r81DPCIh;atsy5GM2;ewJVbn4z;
39LXKQdp;ci7OUgmF;Rj0vHATS;YlxkqEW6;oBuNZfr8;1DPCIhat;
sy5GM2ew;JVbn4z39;LXKQdpci;7OUgmFRj;0vHATSYl;xkqEW6oB;
uNZfr81D;PCIhatsy;5GM2ewJV;bn4z39LX;KQdpci7O;UgmFRj0v;
HATSYlxk;qEW6oBuN;Zfr81DPC;Ihatsy5G;M2ewJVbn;4z39LXKQ;
dpci7OUg;mFRj0vHA;TSYlxkqE;W6oBuNZf;r81DPCIh;atsy5GM2;
ewJVbn4z;39LXKQdp;ci7OUgmF;Rj0vHATS;YlxkqEW6;oBuNZfr8;
1DPCIhat;sy5GM2ew;JVbn4z39;LXKQdpci;7OUgmFRj;0vHATSYl;
xkqEW6oB;uNZfr81D;PCIhatsy;5GM2ewJV;bn4z39LX;KQdpci7O;
UgmFRj0v;HATSYlxk;qEW6oBuN;Zfr81DPC;Ihatsy5G;M2ewJVbn;
4z39LXKQ;dpci7OUg;mFRj0vHA;TSYlxkqE;W6oBuNZf;r81DPCIh;
atsy5GM2;ewJVbn4z;39LXKQdp;ci7OUgmF;Rj0vHATS;YlxkqEW6;
oBuNZfr8;1DPCIhat;sy5GM2ew;JVbn4z39;LXKQdpci;7OUgmFRj;
0vHATSYl;xkqEW6oB;uNZfr81D;PCIhatsy;5GM2ewJV;bn4z39LX;
KQdpci7O;UgmFRj0v;HATSYlxk;qEW6oBuN;Zfr81DPC;Ihatsy5G;
M2ewJVbn;4z39LXKQ;dpci7OUg;mFRj0vHA;TSYlxkqE;W6oBuNZf;
r81DPCIh;atsy5GM2;ewJVbn4z;39LXKQdp;ci7OUgmF;Rj0vHATS;
YlxkqEW6;oBuNZfr8;1DPCIhat;sy5GM2ew;JVbn4z39;LXKQdpci;
7OUgmFRj;0vHATSYl;xkqEW6oB;uNZfr81D;PCIhatsy;5GM2ewJV;
bn4z39LX;KQdpci7O;UgmFRj0v;HATSYlxk;qEW6oBuN;Zfr81DPC;
Ihatsy5G;M2ewJVbn;4z39LXKQ;dpci7OUg;mFRj0vHA;TSYlxkqE;
W6oBuNZf;r81DPCIh;atsy5GM2;ewJVbn4z;39LXKQdp;ci7OUgmF;
Rj0vHATS;YlxkqEW6;oBuNZfr8;1DPCIhat;sy5GM2ew;JVbn4z39;
LXKQdpci;7OUgmFRj;0vHATSYl;xkqEW6oB;uNZfr81D;PCIhatsy;
5GM2ewJV;bn4z39LX;KQdpci7O;UgmFRj0v;HATSYlxk;qEW6oBuN;
Zfr81DPC;Ihatsy5G;M2ewJVbn;4z39LXKQ;dpci7OUg;mFRj0vHA;
TSYlxkqE;W6oBuNZf;r81DPCIh;atsy5GM2;ewJVbn4z;39LXKQdp;
ci7OUgmF;Rj0vHATS;YlxkqEW6;oBuNZfr8;1DPCIhat;sy5GM2ew;
JVbn4z39;LXKQdpci;7OUgmFRj;0vHATSYl;xkqEW6oB;uNZfr81D;
PCIhatsy;5GM2ewJV;bn4z39LX;KQdpci7O;UgmFRj0v;HATSYlxk;
qEW6oBuN;Zfr81DPC;Ihatsy5G;M2ewJVbn;4z39LXKQ;dpci7OUg;
mFRj0vHA;TSYlxkqE;W6oBuNZf;r81DPCIh;atsy5GM2;ewJVbn4z;
39LXKQdp;ci7OUgmF;Rj0vHATS;YlxkqEW6;oBuNZfr8;1DPCIhat;
sy5GM2ew;JVbn4z39;LXKQdpci;7OUgmFRj;0vHATSYl;xkqEW6oB;
uNZfr81D;PCIhatsy;5GM2ewJV;bn4z39LX;KQdpci7O;UgmFRj0v;
HATSYlxk;qEW6oBuN;Zfr81DPC;Ihatsy5G;M2ewJVbn;4z39LXKQ;
dpci7OUg;mFRj0vHA;TSYlxkqE;W6oBuNZf;r81DPCIh;atsy5GM2;
ewJVbn4z;39LXKQdp;ci7OUgmF;Rj0vHATS;YlxkqEW6;oBuNZfr8;
1DPCIhat;sy5GM2ew;JVbn4z39;LXKQdpci;7OUgmFRj;0vHATSYl;
xkqEW6oB;uNZfr81D;PCIhatsy;5GM2ewJV;bn4z39LX;KQdpci7O;
UgmFRj0v;HATSYlxk;qEW6oBuN;Zfr81DPC;Ihatsy5G;M2ewJVbn;
4z39LXKQ;dpci7OUg;mFRj0vHA;TSYlxkqE;W6oBuNZf;r81DPCIh;
atsy5GM2;ewJVbn4z;39LXKQdp;ci7OUgmF;Rj0vHATS;YlxkqEW6;
oBuNZfr8;1DPCIhat;sy5GM2ew;JVbn4z39;LXKQdpci;7OUgmFRj;
0vHATSYl;xkqEW6oB;uNZfr81D;PCIhatsy;5GM2ewJV;bn4z39LX;
KQdpci7O;UgmFRj0v;HATSYlxk;qEW6oBuN;Zfr81DPC;Ihatsy5G;
M2ewJVbn;4z39LXKQ;dpci7OUg;mFRj0vHA;TSYlxkqE;W6oBuNZf;
r81DPCIh;atsy5GM2;ewJVbn4z;39LXKQdp;ci7OUgmF;Rj0vHATS;
YlxkqEW6;oBuNZfr8;1DPCIhat;sy5GM2ew;JVbn4z39;LXKQdpci;
7OUgmFRj;0vHATSYl;xkqEW6oB;uNZfr81D;PCIhatsy;5GM2ewJV;
bn4z39LX;KQdpci7O;UgmFRj0v;HATSYlxk;qEW6oBuN;Zfr81DPC;
Ihatsy5G;M2ewJVbn;4z39LXKQ;dpci7OUg;mFRj0vHA;TSYlxkqE;
W6oBuNZf;r81DPCIh;atsy5GM2;ewJVbn4z;39LXKQdp;ci7OUgmF;
Rj0vHATS;YlxkqEW6;oBuNZfr8;1DPCIhat;sy5GM2ew;JVbn4z39;
LXKQdpci;7OUgmFRj;0vHATSYl;xkqEW6oB;uNZfr81D;PCIhatsy;
5GM2ewJV;bn4z39LX;KQdpci7O;UgmFRj0v;HATSYlxk;qEW6oBuN;
Zfr81DPC;Ihatsy5G;M2ewJVbn;4z39LXKQ;dpci7OUg;mFRj0vHA;
TSYlxkqE;W6oBuNZf;r81DPCIh;atsy5GM2;ewJVbn4z;39LXKQdp;
ci7OUgmF;Rj0vHATS;YlxkqEW6;oBuNZfr8;1DPCIhat;sy5GM2ew;
JVbn4z39;LXKQdpci;7OUgmFRj;0vHATSYl;xkqEW6oB;uNZfr81D;
PCIhatsy;5GM2ewJV;bn4z39LX;KQdpci7O;UgmFRj0v;HATSYlxk;
qEW6oBuN;Zfr81DPC;Ihatsy5G;M2ewJVbn;4z39LXKQ;dpci7OUg;
mFRj0vHA;TSYlxkqE;W6oBuNZf;r81DPCIh;atsy5GM2;ewJVbn4z;
39LXKQdp;ci7OUgmF;Rj0vHATS;YlxkqEW6;oBuNZfr8;1DPCIhat;
sy5GM2ew;JVbn4z39;LXKQdpci;7OUgmFRj;0vHATSYl;xkqEW6oB;
uNZfr81D;PCIhatsy;5GM2ewJV;bn4z39LX;KQdpci7O;UgmFRj0v;
HATSYlxk;qEW6oBuN;Zfr81DPC;Ihatsy5G;M2ewJVbn;4z39LXKQ;
dpci7OUg;mFRj0vHA;TSYlxkqE;W6oBuNZf;r81DPCIh;atsy5GM2;
ewJVbn4z;39LXKQdp;ci7OUgmF;Rj0vHATS;YlxkqEW6;oBuNZfr8;
1DPCIhat;sy5GM2ew;JVbn4z39;LXKQdpci;7OUgmFRj;0vHATSYl;
xkqEW6oB;uNZfr81D;PCIhatsy;5GM2ewJV;bn4z39LX;KQdpci7O;
UgmFRj0v;HATSYlxk;qEW6oBuN;Zfr81DPC;Ihatsy5G;M2ewJVbn;
4z39LXKQ;dpci7OUg;mFRj0vHA;TSYlxkqE;W6oBuNZf;r81DPCIh;
atsy5GM2;ewJVbn4z;39LXKQdp;ci7OUgmF;Rj0vHATS;YlxkqEW6;
oBuNZfr8;1DPCIhat;sy5GM2ew;JVbn4z39;LXKQdpci;7OUgmFRj;
0vHATSYl;xkqEW6oB;uNZfr81D;PCIhatsy;5GM2ewJV;bn4z39LX;
KQdpci7O;UgmFRj0v;HATSYlxk;qEW6oBuN;Zfr81DPC;Ihatsy5G;
M2ewJVbn;4z39LXKQ;dpci7OUg;mFRj0vHA;TSYlxkqE;W6oBuNZf;
r81DPCIh;atsy5GM2;ewJVbn4z;39LXKQdp;ci7OUgmF;Rj0vHATS;
YlxkqEW6;oBuNZfr8;1DPCIhat;sy5GM2ew;JVbn4z39;LXKQdpci;
7OUgmFRj;0vHATSYl;xkqEW6oB;uNZfr81D;PCIhatsy;5GM2ewJV;
bn4z39LX;KQdpci7O;UgmFRj0v;HATSYlxk;qEW6oBuN;Zfr81DPC;
Ihatsy5G;M2ewJVbn;4z39LXKQ;dpci7OUg;mFRj0vHA;TSYlxkqE;
W6oBuNZf;r81DPCIh;atsy5GM2;ewJVbn4z;39LXKQdp;ci7OUgmF;
Rj0vHATS;YlxkqEW6;oBuNZfr8;1DPCIhat;sy5GM2ew;JVbn4z39;
LXKQdpci;7OUgmFRj;0vHATSYl;xkqEW6oB;uNZfr81D;PCIhatsy;
5GM2ewJV;bn4z39LX;KQdpci7O;UgmFRj0v;HATSYlxk;qEW6oBuN;
Zfr81DPC;Ihatsy5G;M2ewJVbn;4z39LXKQ;dpci7OUg;mFRj0vHA;
TSYlxkqE;W6oBuNZf;r81DPCIh;atsy5GM2;ewJVbn4z;39LXKQdp;
ci7OUgmF;Rj0vHATS;YlxkqEW6;oBuNZfr8;1DPCIhat;sy5GM2ew;
JVbn4z39;LXKQdpci;7OUgmFRj;0vHATSYl;xkqEW6oB;uNZfr81D;
PCIhatsy;5GM2ewJV;bn4z39LX;KQdpci7O;UgmFRj0v;HATSYlxk;
qEW6oBuN;Zfr81DPC;Ihatsy5G;M2ewJVbn;4z39LXKQ;dpci7OUg;
mFRj0vHA;TSYlxkqE;W6oBuNZf;r81DPCIh;atsy5GM2;ewJVbn4z;
39LXKQdp;ci7OUgmF;Rj0vHATS;YlxkqEW6;oBuNZfr8;1DPCIhat;
sy5GM2ew;JVbn4z39;LXKQdpci;7OUgmFRj;0vHATSYl;xkqEW6oB;
uNZfr81D;PCIhatsy;5GM2ewJV;bn4z39LX;KQdpci7O;UgmFRj0v;
HATSYlxk;qEW6oBuN;Zfr81DPC;Ihatsy5G;M2ewJVbn;4z39LXKQ;
dpci7OUg;mFRj0vHA;TSYlxkqE;W6oBuNZf;r81DPCIh;atsy5GM2;
ewJVbn4z;39LXKQdp;ci7OUgmF;Rj0vHATS;YlxkqEW6;oBuNZfr8;
1DPCIhat;sy5GM2ew;JVbn4z39;LXKQdpci;7OUgmFRj;0vHATSYl;
xkqEW6oB;uNZfr81D;PCIhatsy;5GM2ewJV;bn4z39LX;KQdpci7O;
UgmFRj0v;HATSYlxk;qEW6oBuN;Zfr81DPC;Ihatsy5G;M2ewJVbn;
4z39LXKQ;dpci7OUg;mFRj0vHA;TSYlxkqE;W6oBuNZf;r81DPCIh;
atsy5GM2;ewJVbn4z;39LXKQdp;ci7OUgmF;Rj0vHATS;YlxkqEW6;
oBuNZfr8;1DPCIhat;sy5GM2ew;JVbn4z39;LXKQdpci;7OUgmFRj;
0vHATSYl;xkqEW6oB;uNZfr81D;PCIhatsy;5GM2ewJV;bn4z39LX;
KQdpci7O;UgmFRj0v;HATSYlxk;qEW6oBuN;Zfr81DPC;Ihatsy5G;
M2ewJVbn;4z39LXKQ;dpci7OUg;mFRj0vHA;TSYlxkqE;W6oBuNZf;
r81DPCIh;atsy5GM2;ewJVbn4z;39LXKQdp;ci7OUgmF;Rj0vHATS;
YlxkqEW6;oBuNZfr8;1DPCIhat;sy5GM2ew;JVbn4z39;LXKQdpci;
7OUgmFRj;0vHATSYl;xkqEW6oB;uNZfr81D;PCIhatsy;5GM2ewJV;
bn4z39LX;KQdpci7O;UgmFRj0v;HATSYlxk;qEW6oBuN;Zfr81DPC;
Ihatsy5G;M2ewJVbn;4z39LXKQ;dpci7OUg;mFRj0vHA;TSYlxkqE;
W6oBuNZf;r81DPCIh;atsy5GM2;ewJVbn4z;39LXKQdp;ci7OUgmF;
Rj0vHATS;YlxkqEW6;oBuNZfr8;1DPCIhat;sy5GM2ew;JVbn4z39;
LXKQdpci;7OUgmFRj;0vHATSYl;xkqEW6oB;uNZfr81D;PCIhatsy;
5GM2ewJV;bn4z39LX;KQdpci7O;UgmFRj0v;HATSYlxk;qEW6oBuN;
Zfr81DPC;Ihatsy5G;M2ewJVbn;4z39LXKQ;dpci7OUg;mFRj0vHA;
TSYlxkqE;W6oBuNZf;r81DPCIh;atsy5GM2;ewJVbn4z;39LXKQdp;
ci7OUgmF;Rj0vHATS;YlxkqEW6;oBuNZfr8;1DPCIhat;sy5GM2ew;
JVbn4z39;LXKQdpci;7OUgmFRj;0vHATSYl;xkqEW6oB;uNZfr81D;
PCIhatsy;5GM2ewJV;bn4z39LX;KQdpci7O;UgmFRj0v;HATSYlxk;
qEW6oBuN;Zfr81DPC;Ihatsy5G;M2ewJVbn;4z39LXKQ;dpci7OUg;
mFRj0vHA;TSYlxkqE;W6oBuNZf;r81DPCIh;atsy5GM2;ewJVbn4z;
39LXKQdp;ci7OUgmF;Rj0vHATS;YlxkqEW6;oBuNZfr8;1DPCIhat;
sy5GM2ew;JVbn4z39;LXKQdpci;7OUgmFRj;0vHATSYl;xkqEW6oB;
uNZfr81D;PCIhatsy;5GM2ewJV;bn4z39LX;KQdpci7O;UgmFRj0v;
HATSYlxk;qEW6oBuN;Zfr81DPC;Ihatsy5G;M2ewJVbn;4z39LXKQ;
dpci7OUg;mFRj0vHA;TSYlxkqE;W6oBuNZf;r81DPCIh;atsy5GM2;
ewJVbn4z;39LXKQdp;ci7OUgmF;Rj0vHATS;YlxkqEW6;oBuNZfr8;
1DPCIhat;sy5GM2ew;JVbn4z39;LXKQdpci;7OUgmFRj;0vHATSYl;
xkqEW6oB;uNZfr81D;PCIhatsy;5GM2ewJV;bn4z39LX;KQdpci7O;
UgmFRj0v;HATSYlxk;qEW6oBuN;Zfr81DPC;Ihatsy5G;M2ewJVbn;
4z39LXKQ;dpci7OUg;mFRj0vHA;TSYlxkqE;W6oBuNZf;r81DPCIh;
atsy5GM2;ewJVbn4z;39LXKQdp;ci7OUgmF;Rj0vHATS;YlxkqEW6;
oBuNZfr8;1DPCIhat;sy5GM2ew;JVbn4z39;LXKQdpci;7OUgmFRj;
0vHATSYl;xkqEW6oB;uNZfr81D;PCIhatsy;5GM2ewJV;bn4z39LX;
KQdpci7O;UgmFRj0v;HATSYlxk;qEW6oBuN;Zfr81DPC;Ihatsy5G;
M2ewJVbn;4z39LXKQ;dpci7OUg;mFRj0vHA;TSYlxkqE;W6oBuNZf;
r81DPCIh;atsy5GM2;ewJVbn4z;39LXKQdp;ci7OUgmF;Rj0vHATS;
YlxkqEW6;oBuNZfr8;1DPCIhat;sy5GM2ew;JVbn4z39;LXKQdpci;
7OUgmFRj;0vHATSYl;xkqEW6oB;uNZfr81D;PCIhatsy;5GM2ewJV;
bn4z39LX;KQdpci7O;UgmFRj0v;HATSYlxk;qEW6oBuN;Zfr81DPC;
Ihatsy5G;M2ewJVbn;4z39LXKQ;dpci7OUg;mFRj0vHA;TSYlxkqE;
W6oBuNZf;r81DPCIh;atsy5GM2;ewJVbn4z;39LXKQdp;ci7OUgmF;
Rj0vHATS;YlxkqEW6;oBuNZfr8;1DPCIhat;sy5GM2ew;JVbn4z39;
LXKQdpci;7OUgmFRj;0vHATSYl;xkqEW6oB;uNZfr81D;PCIhatsy;
5GM2ewJV;bn4z39LX;KQdpci7O;UgmFRj0v;HATSYlxk;qEW6oBuN;
Zfr81DPC;Ihatsy5G;M2ewJVbn;4z39LXKQ;dpci7OUg;mFRj0vHA;
TSYlxkqE;W6oBuNZf;r81DPCIh;atsy5GM2;ewJVbn4z;39LXKQdp;
ci7OUgmF;Rj0vHATS;YlxkqEW6;oBuNZfr8;1DPCIhat;sy5GM2ew;
JVbn4z39;LXKQdpci;7OUgmFRj;0vHATSYl;xkqEW6oB;uNZfr81D;
PCIhatsy;5GM2ewJV;bn4z39LX;KQdpci7O;UgmFRj0v;HATSYlxk;
qEW6oBuN;Zfr81DPC;Ihatsy5G;M2ewJVbn;4z39LXKQ;dpci7OUg;
mFRj0vHA;TSYlxkqE;W6oBuNZf;r81DPCIh;atsy5GM2;ewJVbn4z;
39LXKQdp;ci7OUgmF;Rj0vHATS;YlxkqEW6;oBuNZfr8;1DPCIhat;
sy5GM2ew;JVbn4z39;LXKQdpci;7OUgmFRj;0vHATSYl;xkqEW6oB;
uNZfr81D;PCIhatsy;5GM2ewJV;bn4z39LX;KQdpci7O;UgmFRj0v;
HATSYlxk;qEW6oBuN;Zfr81DPC;Ihatsy5G;M2ewJVbn;4z39LXKQ;
dpci7OUg;mFRj0vHA;TSYlxkqE;W6oBuNZf;r81DPCIh;atsy5GM2;
ewJVbn4z;39LXKQdp;ci7OUgmF;Rj0vHATS;YlxkqEW6;oBuNZfr8;
1DPCIhat;sy5GM2ew;JVbn4z39;LXKQdpci;7OUgmFRj;0vHATSYl;
xkqEW6oB;uNZfr81D;PCIhatsy;5GM2ewJV;bn4z39LX;KQdpci7O;
UgmFRj0v;HATSYlxk;qEW6oBuN;Zfr81DPC;Ihatsy5G;M2ewJVbn;
4z39LXKQ;dpci7OUg;mFRj0vHA;TSYlxkqE;W6oBuNZf;r81DPCIh;
atsy5GM2;ewJVbn4z;39LXKQdp;ci7OUgmF;Rj0vHATS;YlxkqEW6;
oBuNZfr8;1DPCIhat;sy5GM2ew;JVbn4z39;LXKQdpci;7OUgmFRj;
0vHATSYl;xkqEW6oB;uNZfr81D;PCIhatsy;5GM2ewJV;bn4z39LX;
KQdpci7O;UgmFRj0v;HATSYlxk;qEW6oBuN;Zfr81DPC;Ihatsy5G;
M2ewJVbn;4z39LXKQ;dpci7OUg;mFRj0vHA;TSYlxkqE;W6oBuNZf;
r81DPCIh;atsy5GM2;ewJVbn4z;39LXKQdp;ci7OUgmF;Rj0vHATS;
YlxkqEW6;oBuNZfr8;1DPCIhat;sy5GM2ew;JVbn4z39;LXKQdpci;
7OUgmFRj;0vHATSYl;xkqEW6oB;uNZfr81D;PCIhatsy;5GM2ewJV;
bn4z39LX;KQdpci7O;UgmFRj0v;HATSYlxk;qEW6oBuN;Zfr81DPC;
Ihatsy5G;M2ewJVbn;4z39LXKQ;dpci7OUg;mFRj0vHA;TSYlxkqE;
W6oBuNZf;r81DPCIh;atsy5GM2;ewJVbn4z;39LXKQdp;ci7OUgmF;
Rj0vHATS;YlxkqEW6;oBuNZfr8;1DPCIhat;sy5GM2ew;JVbn4z39;
LXKQdpci;7OUgmFRj;0vHATSYl;xkqEW6oB;uNZfr81D;PCIhatsy;
5GM2ewJV;bn4z39LX;KQdpci7O;UgmFRj0v;HATSYlxk;qEW6oBuN;
Zfr81DPC;Ihatsy5G;M2ewJVbn;4z39LXKQ;dpci7OUg;mFRj0vHA;
TSYlxkqE;W6oBuNZf;r81DPCIh;atsy5GM2;ewJVbn4z;39LXKQdp;
ci7OUgmF;Rj0vHATS;YlxkqEW6;oBuNZfr8;1DPCIhat;sy5GM2ew;
JVbn4z39;LXKQdpci;7OUgmFRj;0vHATSYl;xkqEW6oB;uNZfr81D;
PCIhatsy;5GM2ewJV;bn4z39LX;KQdpci7O;UgmFRj0v;HATSYlxk;
qEW6oBuN;Zfr81DPC;Ihatsy5G;M2ewJVbn;4z39LXKQ;dpci7OUg;
mFRj0vHA;TSYlxkqE;W6oBuNZf;r81DPCIh;atsy5GM2;ewJVbn4z;
39LXKQdp;ci7OUgmF;Rj0vHATS;YlxkqEW6;oBuNZfr8;1DPCIhat;
sy5GM2ew;JVbn4z39;LXKQdpci;7OUgmFRj;0vHATSYl;xkqEW6oB;
uNZfr81D;PCIhatsy;5GM2ewJV;bn4z39LX;KQdpci7O;UgmFRj0v;
HATSYlxk;qEW6oBuN;Zfr81DPC;Ihatsy5G;M2ewJVbn;4z39LXKQ;
dpci7OUg;mFRj0vHA;TSYlxkqE;W6oBuNZf;r81DPCIh;atsy5GM2;
ewJVbn4z;39LXKQdp;ci7OUgmF;Rj0vHATS;YlxkqEW6;oBuNZfr8;
1DPCIhat;sy5GM2ew;JVbn4z39;LXKQdpci;7OUgmFRj;0vHATSYl;
xkqEW6oB;uNZfr81D;PCIhatsy;5GM2ewJV;bn4z39LX;KQdpci7O;
UgmFRj0v;HATSYlxk;qEW6oBuN;Zfr81DPC;Ihatsy5G;M2ewJVbn;
4z39LXKQ;dpci7OUg;mFRj0vHA;TSYlxkqE;W6oBuNZf;r81DPCIh;
atsy5GM2;ewJVbn4z;39LXKQdp;ci7OUgmF;Rj0vHATS;YlxkqEW6;
oBuNZfr8;1DPCIhat;sy5GM2ew;JVbn4z39;LXKQdpci;7OUgmFRj;
0vHATSYl;xkqEW6oB;uNZfr81D;PCIhatsy;5GM2ewJV;bn4z39LX;
KQdpci7O;UgmFRj0v;HATSYlxk;qEW6oBuN;Zfr81DPC;Ihatsy5G;
M2ewJVbn;4z39LXKQ;dpci7OUg;mFRj0vHA;TSYlxkqE;W6oBuNZf;
r81DPCIh;atsy5GM2;ewJVbn4z;39LXKQdp;ci7OUgmF;Rj0vHATS;
YlxkqEW6;oBuNZfr8;1DPCIhat;sy5GM2ew;JVbn4z39;LXKQdpci;
7OUgmFRj;0vHATSYl;xkqEW6oB;uNZfr81D;PCIhatsy;5GM2ewJV;
bn4z39LX;KQdpci7O;UgmFRj0v;HATSYlxk;qEW6oBuN;Zfr81DPC;
Ihatsy5G;M2ewJVbn;4z39LXKQ;dpci7OUg;mFRj0vHA;TSYlxkqE;
W6oBuNZf;r81DPCIh;atsy5GM2;ewJVbn4z;39LXKQdp;ci7OUgmF;
Rj0vHATS;YlxkqEW6;oBuNZfr8;1DPCIhat;sy5GM2ew;JVbn4z39;
LXKQdpci;7OUgmFRj;0vHATSYl;xkqEW6oB;uNZfr81D;PCIhatsy;
5GM2ewJV;bn4z39LX;KQdpci7O;UgmFRj0v;HATSYlxk;qEW6oBuN;
Zfr81DPC;Ihatsy5G;M2ewJVbn;4z39LXKQ;dpci7OUg;mFRj0vHA;
TSYlxkqE;W6oBuNZf;r81DPCIh;atsy5GM2;ewJVbn4z;39LXKQdp;
ci7OUgmF;Rj0vHATS;YlxkqEW6;oBuNZfr8;1DPCIhat;sy5GM2ew;
JVbn4z39;LXKQdpci;7OUgmFRj;0vHATSYl;xkqEW6oB;uNZfr81D;
PCIhatsy;5GM2ewJV;bn4z39LX;KQdpci7O;UgmFRj0v;HATSYlxk;
qEW6oBuN;Zfr81DPC;Ihatsy5G;M2ewJVbn;4z39LXKQ;dpci7OUg;
mFRj0vHA;TSYlxkqE;W6oBuNZf;r81DPCIh;atsy5GM2;ewJVbn4z;
39LXKQdp;ci7OUgmF;Rj0vHATS;YlxkqEW6;oBuNZfr8;1DPCIhat;
sy5GM2ew;JVbn4z39;LXKQdpci;7OUgmFRj;0vHATSYl;xkqEW6oB;
uNZfr81D;PCIhatsy;5GM2ewJV;bn4z39LX;KQdpci7O;UgmFRj0v;
HATSYlxk;qEW6oBuN;Zfr81DPC;Ihatsy5G;M2ewJVbn;4z39LXKQ;
dpci7OUg;mFRj0vHA;TSYlxkqE;W6oBuNZf;r81DPCIh;atsy5GM2;
ewJVbn4z;39LXKQdp;ci7OUgmF;Rj0vHATS;YlxkqEW6;oBuNZfr8;
1DPCIhat;sy5GM2ew;JVbn4z39;LXKQdpci;7OUgmFRj;0vHATSYl;
xkqEW6oB;uNZfr81D;PCIhatsy;5GM2ewJV;bn4z39LX;KQdpci7O;
UgmFRj0v;HATSYlxk;qEW6oBuN;Zfr81DPC;Ihatsy5G;M2ewJVbn;
4z39LXKQ;dpci7OUg;mFRj0vHA;TSYlxkqE;W6oBuNZf;r81DPCIh;
atsy5GM2;ewJVbn4z;39LXKQdp;ci7OUgmF;Rj0vHATS;YlxkqEW6;
oBuNZfr8;1DPCIhat;sy5GM2ew;JVbn4z39;LXKQdpci;7OUgmFRj;
0vHATSYl;xkqEW6oB;uNZfr81D;PCIhatsy;5GM2ewJV;bn4z39LX;
KQdpci7O;UgmFRj0v;HATSYlxk;qEW6oBuN;Zfr81DPC;Ihatsy5G;
M2ewJVbn;4z39LXKQ;dpci7OUg;mFRj0vHA;TSYlxkqE;W6oBuNZf;
r81DPCIh;atsy5GM2;ewJVbn4z;39LXKQdp;ci7OUgmF;Rj0vHATS;
YlxkqEW6;oBuNZfr8;1DPCIhat;sy5GM2ew;JVbn4z39;LXKQdpci;
7OUgmFRj;0vHATSYl;xkqEW6oB;uNZfr81D;PCIhatsy;5GM2ewJV;
bn4z39LX;KQdpci7O;UgmFRj0v;HATSYlxk;qEW6oBuN;Zfr81DPC;
Ihatsy5G;M2ewJVbn;4z39LXKQ;dpci7OUg;mFRj0vHA;TSYlxkqE;
W6oBuNZf;r81DPCIh;atsy5GM2;ewJVbn4z;39LXKQdp;ci7OUgmF;
Rj0vHATS;YlxkqEW6;oBuNZfr8;1DPCIhat;sy5GM2ew;JVbn4z39;
LXKQdpci;7OUgmFRj;0vHATSYl;xkqEW6oB;uNZfr81D;PCIhatsy;
5GM2ewJV;bn4z39LX;KQdpci7O;UgmFRj0v;HATSYlxk;qEW6oBuN;
Zfr81DPC;Ihatsy5G;M2ewJVbn;4z39LXKQ;dpci7OUg;mFRj0vHA;
TSYlxkqE;W6oBuNZf;r81DPCIh;atsy5GM2;ewJVbn4z;39LXKQdp;
ci7OUgmF;Rj0vHATS;YlxkqEW6;oBuNZfr8;1DPCIhat;sy5GM2ew;
JVbn4z39;LXKQdpci;7OUgmFRj;0vHATSYl;xkqEW6oB;uNZfr81D;
PCIhatsy;5GM2ewJV;bn4z39LX;KQdpci7O;UgmFRj0v;HATSYlxk;
qEW6oBuN;Zfr81DPC;Ihatsy5G;M2ewJVbn;4z39LXKQ;dpci7OUg;
mFRj0vHA;TSYlxkqE;W6oBuNZf;r81DPCIh;atsy5GM2;ewJVbn4z;
39LXKQdp;ci7OUgmF;Rj0vHATS;YlxkqEW6;oBuNZfr8;1DPCIhat;
sy5GM2ew;JVbn4z39;LXKQdpci;7OUgmFRj;0vHATSYl;xkqEW6oB;
uNZfr81D;PCIhatsy;5GM2ewJV;bn4z39LX;KQdpci7O;UgmFRj0v;
HATSYlxk;qEW6oBuN;Zfr81DPC;Ihatsy5G;M2ewJVbn;4z39LXKQ;
dpci7OUg;mFRj0vHA;TSYlxkqE;W6oBuNZf;r81DPCIh;atsy5GM2;
ewJVbn4z;39LXKQdp;ci7OUgmF;Rj0vHATS;YlxkqEW6;oBuNZfr8;
1DPCIhat;sy5GM2ew;JVbn4z39;LXKQdpci;7OUgmFRj;0vHATSYl;
xkqEW6oB;uNZfr81D;PCIhatsy;5GM2ewJV;bn4z39LX;KQdpci7O;
UgmFRj0v;HATSYlxk;qEW6oBuN;Zfr81DPC;Ihatsy5G;M2ewJVbn;
4z39LXKQ;dpci7OUg;mFRj0vHA;TSYlxkqE;W6oBuNZf;r81DPCIh;
atsy5GM2;ewJVbn4z;39LXKQdp;ci7OUgmF;Rj0vHATS;YlxkqEW6;
oBuNZfr8;1DPCIhat;sy5GM2ew;JVbn4z39;LXKQdpci;7OUgmFRj;
0vHATSYl;xkqEW6oB;uNZfr81D;PCIhatsy;5GM2ewJV;bn4z39LX;
KQdpci7O;UgmFRj0v;HATSYlxk;qEW6oBuN;Zfr81DPC;Ihatsy5G;
M2ewJVbn;4z39LXKQ;dpci7OUg;mFRj0vHA;TSYlxkqE;W6oBuNZf;
r81DPCIh;atsy5GM2;ewJVbn4z;39LXKQdp;ci7OUgmF;Rj0vHATS;
YlxkqEW6;oBuNZfr8;1DPCIhat;sy5GM2ew;JVbn4z39;LXKQdpci;
7OUgmFRj;0vHATSYl;xkqEW6oB;uNZfr81D;PCIhatsy;5GM2ewJV;
bn4z39LX;KQdpci7O;UgmFRj0v;HATSYlxk;qEW6oBuN;Zfr81DPC;
Ihatsy5G;M2ewJVbn;4z39LXKQ;dpci7OUg;mFRj0vHA;TSYlxkqE;
W6oBuNZf;r81DPCIh;atsy5GM2;ewJVbn4z;39LXKQdp;ci7OUgmF;
Rj0vHATS;YlxkqEW6;oBuNZfr8;1DPCIhat;sy5GM2ew;JVbn4z39;
LXKQdpci;7OUgmFRj;0vHATSYl;xkqEW6oB;uNZfr81D;PCIhatsy;
5GM2ewJV;bn4z39LX;KQdpci7O;UgmFRj0v;HATSYlxk;qEW6oBuN;
Zfr81DPC;Ihatsy5G;M2ewJVbn;4z39LXKQ;dpci7OUg;mFRj0vHA;
TSYlxkqE;W6oBuNZf;r81DPCIh;atsy5GM2;ewJVbn4z;39LXKQdp;
ci7OUgmF;Rj0vHATS;YlxkqEW6;oBuNZfr8;1DPCIhat;sy5GM2ew;
JVbn4z39;LXKQdpci;7OUgmFRj;0vHATSYl;xkqEW6oB;uNZfr81D;
PCIhatsy;5GM2ewJV;bn4z39LX;KQdpci7O;UgmFRj0v;HATSYlxk;
qEW6oBuN;Zfr81DPC;Ihatsy5G;M2ewJVbn;4z39LXKQ;dpci7OUg;
mFRj0vHA;TSYlxkqE;W6oBuNZf;r81DPCIh;atsy5GM2;ewJVbn4z;
39LXKQdp;ci7OUgmF;Rj0vHATS;YlxkqEW6;oBuNZfr8;1DPCIhat;
sy5GM2ew;JVbn4z39;LXKQdpci;7OUgmFRj;0vHATSYl;xkqEW6oB;
uNZfr81D;PCIhatsy;5GM2ewJV;bn4z39LX;KQdpci7O;UgmFRj0v;
HATSYlxk;qEW6oBuN;Zfr81DPC;Ihatsy5G;M2ewJVbn;4z39LXKQ;
dpci7OUg;mFRj0vHA;TSYlxkqE;W6oBuNZf;r81DPCIh;atsy5GM2;
ewJVbn4z;39LXKQdp;ci7OUgmF;Rj0vHATS;YlxkqEW6;oBuNZfr8;
1DPCIhat;sy5GM2ew;JVbn4z39;LXKQdpci;7OUgmFRj;0vHATSYl;
xkqEW6oB;uNZfr81D;PCIhatsy;5GM2ewJV;bn4z39LX;KQdpci7O;
UgmFRj0v;HATSYlxk;qEW6oBuN;Zfr81DPC;Ihatsy5G;M2ewJVbn;
4z39LXKQ;dpci7OUg;mFRj0vHA;TSYlxkqE;W6oBuNZf;r81DPCIh;
atsy5GM2;ewJVbn4z;39LXKQdp;ci7OUgmF;Rj0vHATS;YlxkqEW6;
oBuNZfr8;1DPCIhat;sy5GM2ew;JVbn4z39;LXKQdpci;7OUgmFRj;
0vHATSYl;xkqEW6oB;uNZfr81D;PCIhatsy;5GM2ewJV;bn4z39LX;
KQdpci7O;UgmFRj0v;HATSYlxk;qEW6oBuN;Zfr81DPC;Ihatsy5G;
M2ewJVbn;4z39LXKQ;dpci7OUg;mFRj0vHA;TSYlxkqE;W6oBuNZf;
r81DPCIh;atsy5GM2;ewJVbn4z;39LXKQdp;ci7OUgmF;Rj0vHATS;
YlxkqEW6;oBuNZfr8;1DPCIhat;sy5GM2ew;JVbn4z39;LXKQdpci;
7OUgmFRj;0vHATSYl;xkqEW6oB;uNZfr81D;PCIhatsy;5GM2ewJV;
bn4z39LX;KQdpci7O;UgmFRj0v;HATSYlxk;qEW6oBuN;Zfr81DPC;
Ihatsy5G;M2ewJVbn;4z39LXKQ;dpci7OUg;mFRj0vHA;TSYlxkqE;
W6oBuNZf;r81DPCIh;atsy5GM2;ewJVbn4z;39LXKQdp;ci7OUgmF;
Rj0vHATS;YlxkqEW6;oBuNZfr8;1DPCIhat;sy5GM2ew;JVbn4z39;
LXKQdpci;7OUgmFRj;0vHATSYl;xkqEW6oB;uNZfr81D;PCIhatsy;
5GM2ewJV;bn4z39LX;KQdpci7O;UgmFRj0v;HATSYlxk;qEW6oBuN;
Zfr81DPC;Ihatsy5G;M2ewJVbn;4z39LXKQ;dpci7OUg;mFRj0vHA;
TSYlxkqE;W6oBuNZf;r81DPCIh;atsy5GM2;ewJVbn4z;39LXKQdp;
ci7OUgmF;Rj0vHATS;YlxkqEW6;oBuNZfr8;1DPCIhat;sy5GM2ew;
JVbn4z39;LXKQdpci;7OUgmFRj;0vHATSYl;xkqEW6oB;uNZfr81D;
PCIhatsy;5GM2ewJV;bn4z39LX;KQdpci7O;UgmFRj0v;HATSYlxk;
qEW6oBuN;Zfr81DPC;Ihatsy5G;M2ewJVbn;4z39LXKQ;dpci7OUg;
mFRj0vHA;TSYlxkqE;W6oBuNZf;r81DPCIh;atsy5GM2;ewJVbn4z;
39LXKQdp;ci7OUgmF;Rj0vHATS;YlxkqEW6;oBuNZfr8;1DPCIhat;
sy5GM2ew;JVbn4z39;LXKQdpci;7OUgmFRj;0vHATSYl;xkqEW6oB;
uNZfr81D;PCIhatsy;5GM2ewJV;bn4z39LX;KQdpci7O;UgmFRj0v;
HATSYlxk;qEW6oBuN;Zfr81DPC;Ihatsy5G;M2ewJVbn;4z39LXKQ;
dpci7OUg;mFRj0vHA;TSYlxkqE;W6oBuNZf;r81DPCIh;atsy5GM2;
ewJVbn4z;39LXKQdp;ci7OUgmF;Rj0vHATS;YlxkqEW6;oBuNZfr8;
1DPCIhat;sy5GM2ew;JVbn4z39;LXKQdpci;7OUgmFRj;0vHATSYl;
xkqEW6oB;uNZfr81D;PCIhatsy;5GM2ewJV;bn4z39LX;KQdpci7O;
UgmFRj0v;HATSYlxk;qEW6oBuN;Zfr81DPC;Ihatsy5G;M2ewJVbn;
4z39LXKQ;dpci7OUg;mFRj0vHA;TSYlxkqE;W6oBuNZf;r81DPCIh;
atsy5GM2;ewJVbn4z;39LXKQdp;ci7OUgmF;Rj0vHATS;YlxkqEW6;
oBuNZfr8;1DPCIhat;sy5GM2ew;JVbn4z39;LXKQdpci;7OUgmFRj;
0vHATSYl;xkqEW6oB;uNZfr81D;PCIhatsy;5GM2ewJV;bn4z39LX;
KQdpci7O;UgmFRj0v;HATSYlxk;qEW6oBuN;Zfr81DPC;Ihatsy5G;
M2ewJVbn;4z39LXKQ;dpci7OUg;mFRj0vHA;TSYlxkqE;W6oBuNZf;
r81DPCIh;atsy5GM2;ewJVbn4z;39LXKQdp;ci7OUgmF;Rj0vHATS;
YlxkqEW6;oBuNZfr8;1DPCIhat;sy5GM2ew;JVbn4z39;LXKQdpci;
7OUgmFRj;0vHATSYl;xkqEW6oB;uNZfr81D;PCIhatsy;5GM2ewJV;
bn4z39LX;KQdpci7O;UgmFRj0v;HATSYlxk;qEW6oBuN;Zfr81DPC;
Ihatsy5G;M2ewJVbn;4z39LXKQ;dpci7OUg;mFRj0vHA;TSYlxkqE;
W6oBuNZf;r81DPCIh;atsy5GM2;ewJVbn4z;39LXKQdp;ci7OUgmF;
Rj0vHATS;YlxkqEW6;oBuNZfr8;1DPCIhat;sy5GM2ew;JVbn4z39;
LXKQdpci;7OUgmFRj;0vHATSYl;xkqEW6oB;uNZfr81D;PCIhatsy;
5GM2ewJV;bn4z39LX;KQdpci7O;UgmFRj0v;HATSYlxk;qEW6oBuN;
Zfr81DPC;Ihatsy5G;M2ewJVbn;4z39LXKQ;dpci7OUg;mFRj0vHA;
TSYlxkqE;W6oBuNZf;r81DPCIh;atsy5GM2;ewJVbn4z;39LXKQdp;
ci7OUgmF;Rj0vHATS;YlxkqEW6;oBuNZfr8;1DPCIhat;sy5GM2ew;
JVbn4z39;LXKQdpci;7OUgmFRj;0vHATSYl;xkqEW6oB;uNZfr81D;
PCIhatsy;5GM2ewJV;bn4z39LX;KQdpci7O;UgmFRj0v;HATSYlxk;
qEW6oBuN;Zfr81DPC;Ihatsy5G;M2ewJVbn;4z39LXKQ;dpci7OUg;
mFRj0vHA;TSYlxkqE;W6oBuNZf;r81DPCIh;atsy5GM2;ewJVbn4z;
39LXKQdp;ci7OUgmF;Rj0vHATS;YlxkqEW6;oBuNZfr8;1DPCIhat;
sy5GM2ew;JVbn4z39;LXKQdpci;7OUgmFRj;0vHATSYl;xkqEW6oB;
uNZfr81D;PCIhatsy;5GM2ewJV;bn4z39LX;KQdpci7O;UgmFRj0v;
HATSYlxk;qEW6oBuN;Zfr81DPC;Ihatsy5G;M2ewJVbn;4z39LXKQ;
dpci7OUg;mFRj0vHA;TSYlxkqE;W6oBuNZf;r81DPCIh;atsy5GM2;
ewJVbn4z;39LXKQdp;ci7OUgmF;Rj0vHATS;YlxkqEW6;oBuNZfr8;
1DPCIhat;sy5GM2ew;JVbn4z39;LXKQdpci;7OUgmFRj;0vHATSYl;
xkqEW6oB;uNZfr81D;PCIhatsy;5GM2ewJV;bn4z39LX;KQdpci7O;
UgmFRj0v;HATSYlxk;qEW6oBuN;Zfr81DPC;Ihatsy5G;M2ewJVbn;
4z39LXKQ;dpci7OUg;mFRj0vHA;TSYlxkqE;W6oBuNZf;r81DPCIh;
atsy5GM2;ewJVbn4z;39LXKQdp;ci7OUgmF;Rj0vHATS;YlxkqEW6;
oBuNZfr8;1DPCIhat;sy5GM2ew;JVbn4z39;LXKQdpci;7OUgmFRj;
0vHATSYl;xkqEW6oB;uNZfr81D;PCIhatsy;5GM2ewJV;bn4z39LX;
KQdpci7O;UgmFRj0v;HATSYlxk;qEW6oBuN;Zfr81DPC;Ihatsy5G;
M2ewJVbn;4z39LXKQ;dpci7OUg;mFRj0vHA;TSYlxkqE;W6oBuNZf;
r81DPCIh;atsy5GM2;ewJVbn4z;39LXKQdp;ci7OUgmF;Rj0vHATS;
YlxkqEW6;oBuNZfr8;1DPCIhat;sy5GM2ew;JVbn4z39;LXKQdpci;
7OUgmFRj;0vHATSYl;xkqEW6oB;uNZfr81D;PCIhatsy;5GM2ewJV;
bn4z39LX;KQdpci7O;UgmFRj0v;HATSYlxk;qEW6oBuN;Zfr81DPC;
Ihatsy5G;M2ewJVbn;4z39LXKQ;dpci7OUg;mFRj0vHA;TSYlxkqE;
W6oBuNZf;r81DPCIh;atsy5GM2;ewJVbn4z;39LXKQdp;ci7OUgmF;
Rj0vHATS;YlxkqEW6;oBuNZfr8;1DPCIhat;sy5GM2ew;JVbn4z39;
LXKQdpci;7OUgmFRj;0vHATSYl;xkqEW6oB;uNZfr81D;PCIhatsy;
5GM2ewJV;bn4z39LX;KQdpci7O;UgmFRj0v;HATSYlxk;qEW6oBuN;
Zfr81DPC;Ihatsy5G;M2ewJVbn;4z39LXKQ;dpci7OUg;mFRj0vHA;
TSYlxkqE;W6oBuNZf;r81DPCIh;atsy5GM2;ewJVbn4z;39LXKQdp;
ci7OUgmF;Rj0vHATS;YlxkqEW6;oBuNZfr8;1DPCIhat;sy5GM2ew;
JVbn4z39;LXKQdpci;7OUgmFRj;0vHATSYl;xkqEW6oB;uNZfr81D;
PCIhatsy;5GM2ewJV;bn4z39LX;KQdpci7O;UgmFRj0v;HATSYlxk;
qEW6oBuN;Zfr81DPC;Ihatsy5G;M2ewJVbn;4z39LXKQ;dpci7OUg;
mFRj0vHA;TSYlxkqE;W6oBuNZf;r81DPCIh;atsy5GM2;ewJVbn4z;
39LXKQdp;ci7OUgmF;Rj0vHATS;YlxkqEW6;oBuNZfr8;1DPCIhat;
sy5GM2ew;JVbn4z39;LXKQdpci;7OUgmFRj;0vHATSYl;xkqEW6oB;
uNZfr81D;PCIhatsy;5GM2ewJV;bn4z39LX;KQdpci7O;UgmFRj0v;
HATSYlxk;qEW6oBuN;Zfr81DPC;Ihatsy5G;M2ewJVbn;4z39LXKQ;
dpci7OUg;mFRj0vHA;TSYlxkqE;W6oBuNZf;r81DPCIh;atsy5GM2;
ewJVbn4z;39LXKQdp;ci7OUgmF;Rj0vHATS;YlxkqEW6;oBuNZfr8;
1DPCIhat;sy5GM2ew;JVbn4z39;LXKQdpci;7OUgmFRj;0vHATSYl;
xkqEW6oB;uNZfr81D;PCIhatsy;5GM2ewJV;bn4z39LX;KQdpci7O;
UgmFRj0v;HATSYlxk;qEW6oBuN;Zfr81DPC;Ihatsy5G;M2ewJVbn;
4z39LXKQ;dpci7OUg;mFRj0vHA;TSYlxkqE;W6oBuNZf;r81DPCIh;
atsy5GM2;ewJVbn4z;39LXKQdp;ci7OUgmF;Rj0vHATS;YlxkqEW6;
oBuNZfr8;1DPCIhat;sy5GM2ew;JVbn4z39;LXKQdpci;7OUgmFRj;
0vHATSYl;xkqEW6oB;uNZfr81D;PCIhatsy;5GM2ewJV;bn4z39LX;
KQdpci7O;UgmFRj0v;HATSYlxk;qEW6oBuN;Zfr81DPC;Ihatsy5G;
M2ewJVbn;4z39LXKQ;dpci7OUg;mFRj0vHA;TSYlxkqE;W6oBuNZf;
r81DPCIh;atsy5GM2;ewJVbn4z;39LXKQdp;ci7OUgmF;Rj0vHATS;
YlxkqEW6;oBuNZfr8;1DPCIhat;sy5GM2ew;JVbn4z39;LXKQdpci;
7OUgmFRj;0vHATSYl;xkqEW6oB;uNZfr81D;PCIhatsy;5GM2ewJV;
bn4z39LX;KQdpci7O;UgmFRj0v;HATSYlxk;qEW6oBuN;Zfr81DPC;
Ihatsy5G;M2ewJVbn;4z39LXKQ;dpci7OUg;mFRj0vHA;TSYlxkqE;
W6oBuNZf;r81DPCIh;atsy5GM2;ewJVbn4z;39LXKQdp;ci7OUgmF;
Rj0vHATS;YlxkqEW6;oBuNZfr8;1DPCIhat;sy5GM2ew;JVbn4z39;
LXKQdpci;7OUgmFRj;0vHATSYl;xkqEW6oB;uNZfr81D;PCIhatsy;
5GM2ewJV;bn4z39LX;KQdpci7O;UgmFRj0v;HATSYlxk;qEW6oBuN;
Zfr81DPC;Ihatsy5G;M2ewJVbn;4z39LXKQ;dpci7OUg;mFRj0vHA;
TSYlxkqE;W6oBuNZf;r81DPCIh;atsy5GM2;ewJVbn4z;39LXKQdp;
ci7OUgmF;Rj0vHATS;YlxkqEW6;oBuNZfr8;1DPCIhat;sy5GM2ew;
JVbn4z39;LXKQdpci;7OUgmFRj;0vHATSYl;xkqEW6oB;uNZfr81D;
PCIhatsy;5GM2ewJV;bn4z39LX;KQdpci7O;UgmFRj0v;HATSYlxk;
qEW6oBuN;Zfr81DPC;Ihatsy5G;M2ewJVbn;4z39LXKQ;dpci7OUg;
mFRj0vHA;TSYlxkqE;W6oBuNZf;r81DPCIh;atsy5GM2;ewJVbn4z;
39LXKQdp;ci7OUgmF;Rj0vHATS;YlxkqEW6;oBuNZfr8;1DPCIhat;
sy5GM2ew;JVbn4z39;LXKQdpci;7OUgmFRj;0vHATSYl;xkqEW6oB;
uNZfr81D;PCIhatsy;5GM2ewJV;bn4z39LX;KQdpci7O;UgmFRj0v;
HATSYlxk;qEW6oBuN;Zfr81DPC;Ihatsy5G;M2ewJVbn;4z39LXKQ;
dpci7OUg;mFRj0vHA;TSYlxkqE;W6oBuNZf;r81DPCIh;atsy5GM2;
ewJVbn4z;39LXKQdp;ci7OUgmF;Rj0vHATS;YlxkqEW6;oBuNZfr8;
1DPCIhat;sy5GM2ew;JVbn4z39;LXKQdpci;7OUgmFRj;0vHATSYl;
xkqEW6oB;uNZfr81D;PCIhatsy;5GM2ewJV;bn4z39LX;KQdpci7O;
UgmFRj0v;HATSYlxk;qEW6oBuN;Zfr81DPC;Ihatsy5G;M2ewJVbn;
4z39LXKQ;dpci7OUg;mFRj0vHA;TSYlxkqE;W6oBuNZf;r81DPCIh;
atsy5GM2;ewJVbn4z;39LXKQdp;ci7OUgmF;Rj0vHATS;YlxkqEW6;
oBuNZfr8;1DPCIhat;sy5GM2ew;JVbn4z39;LXKQdpci;7OUgmFRj;
0vHATSYl;xkqEW6oB;uNZfr81D;PCIhatsy;5GM2ewJV;bn4z39LX;
KQdpci7O;UgmFRj0v;HATSYlxk;qEW6oBuN;Zfr81DPC;Ihatsy5G;
M2ewJVbn;4z39LXKQ;dpci7OUg;mFRj0vHA;TSYlxkqE;W6oBuNZf;
r81DPCIh;atsy5GM2;ewJVbn4z;39LXKQdp;ci7OUgmF;Rj0vHATS;
YlxkqEW6;oBuNZfr8;1DPCIhat;sy5GM2ew;JVbn4z39;LXKQdpci;
7OUgmFRj;0vHATSYl;xkqEW6oB;uNZfr81D;PCIhatsy;5GM2ewJV;
bn4z39LX;KQdpci7O;UgmFRj0v;HATSYlxk;qEW6oBuN;Zfr81DPC;
Ihatsy5G;M2ewJVbn;4z39LXKQ;dpci7OUg;mFRj0vHA;TSYlxkqE;
W6oBuNZf;r81DPCIh;atsy5GM2;ewJVbn4z;39LXKQdp;ci7OUgmF;
Rj0vHATS;YlxkqEW6;oBuNZfr8;1DPCIhat;sy5GM2ew;JVbn4z39;
LXKQdpci;7OUgmFRj;0vHATSYl;xkqEW6oB;uNZfr81D;PCIhatsy;
5GM2ewJV;bn4z39LX;KQdpci7O;UgmFRj0v;HATSYlxk;qEW6oBuN;
Zfr81DPC;Ihatsy5G;M2ewJVbn;4z39LXKQ;dpci7OUg;mFRj0vHA;
TSYlxkqE;W6oBuNZf;r81DPCIh;atsy5GM2;ewJVbn4z;39LXKQdp;
ci7OUgmF;Rj0vHATS;YlxkqEW6;oBuNZfr8;1DPCIhat;sy5GM2ew;
JVbn4z39;LXKQdpci;7OUgmFRj;0vHATSYl;xkqEW6oB;uNZfr81D;
PCIhatsy;5GM2ewJV;bn4z39LX;KQdpci7O;UgmFRj0v;HATSYlxk;
qEW6oBuN;Zfr81DPC;Ihatsy5G;M2ewJVbn;4z39LXKQ;dpci7OUg;
mFRj0vHA;TSYlxkqE;W6oBuNZf;r81DPCIh;atsy5GM2;ewJVbn4z;
39LXKQdp;ci7OUgmF;Rj0vHATS;YlxkqEW6;oBuNZfr8;1DPCIhat;
sy5GM2ew;JVbn4z39;LXKQdpci;7OUgmFRj;0vHATSYl;xkqEW6oB;
uNZfr81D;PCIhatsy;5GM2ewJV;bn4z39LX;KQdpci7O;UgmFRj0v;
HATSYlxk;qEW6oBuN;Zfr81DPC;Ihatsy5G;M2ewJVbn;4z39LXKQ;
dpci7OUg;mFRj0vHA;TSYlxkqE;W6oBuNZf;r81DPCIh;atsy5GM2;
ewJVbn4z;39LXKQdp;ci7OUgmF;Rj0vHATS;YlxkqEW6;oBuNZfr8;
1DPCIhat;sy5GM2ew;JVbn4z39;LXKQdpci;7OUgmFRj;0vHATSYl;
xkqEW6oB;uNZfr81D;PCIhatsy;5GM2ewJV;bn4z39LX;KQdpci7O;
UgmFRj0v;HATSYlxk;qEW6oBuN;Zfr81DPC;Ihatsy5G;M2ewJVbn;
4z39LXKQ;dpci7OUg;mFRj0vHA;TSYlxkqE;W6oBuNZf;r81DPCIh;
atsy5GM2;ewJVbn4z;39LXKQdp;ci7OUgmF;Rj0vHATS;YlxkqEW6;
oBuNZfr8;1DPCIhat;sy5GM2ew;JVbn4z39;LXKQdpci;7OUgmFRj;
0vHATSYl;xkqEW6oB;uNZfr81D;PCIhatsy;5GM2ewJV;bn4z39LX;
KQdpci7O;UgmFRj0v;HATSYlxk;qEW6oBuN;Zfr81DPC;Ihatsy5G;
M2ewJVbn;4z39LXKQ;dpci7OUg;mFRj0vHA;TSYlxkqE;W6oBuNZf;
r81DPCIh;atsy5GM2;ewJVbn4z;39LXKQdp;ci7OUgmF;Rj0vHATS;
YlxkqEW6;oBuNZfr8;1DPCIhat;sy5GM2ew;JVbn4z39;LXKQdpci;
7OUgmFRj;0vHATSYl;xkqEW6oB;uNZfr81D;PCIhatsy;5GM2ewJV;
bn4z39LX;KQdpci7O;UgmFRj0v;HATSYlxk;qEW6oBuN;Zfr81DPC;
Ihatsy5G;M2ewJVbn;4z39LXKQ;dpci7OUg;mFRj0vHA;TSYlxkqE;
W6oBuNZf;r81DPCIh;atsy5GM2;ewJVbn4z;39LXKQdp;ci7OUgmF;
Rj0vHATS;YlxkqEW6;oBuNZfr8;1DPCIhat;sy5GM2ew;JVbn4z39;
LXKQdpci;7OUgmFRj;0vHATSYl;xkqEW6oB;uNZfr81D;PCIhatsy;
5GM2ewJV;bn4z39LX;KQdpci7O;UgmFRj0v;HATSYlxk;qEW6oBuN;
Zfr81DPC;Ihatsy5G;M2ewJVbn;4z39LXKQ;dpci7OUg;mFRj0vHA;
TSYlxkqE;W6oBuNZf;r81DPCIh;atsy5GM2;ewJVbn4z;39LXKQdp;
ci7OUgmF;Rj0vHATS;YlxkqEW6;oBuNZfr8;1DPCIhat;sy5GM2ew;
JVbn4z39;LXKQdpci;7OUgmFRj;0vHATSYl;xkqEW6oB;uNZfr81D;
PCIhatsy;5GM2ewJV;bn4z39LX;KQdpci7O;UgmFRj0v;HATSYlxk;
qEW6oBuN;Zfr81DPC;Ihatsy5G;M2ewJVbn;4z39LXKQ;dpci7OUg;
mFRj0vHA;TSYlxkqE;W6oBuNZf;r81DPCIh;atsy5GM2;ewJVbn4z;
39LXKQdp;ci7OUgmF;Rj0vHATS;YlxkqEW6;oBuNZfr8;1DPCIhat;
sy5GM2ew;JVbn4z39;LXKQdpci;7OUgmFRj;0vHATSYl;xkqEW6oB;
uNZfr81D;PCIhatsy;5GM2ewJV;bn4z39LX;KQdpci7O;UgmFRj0v;
HATSYlxk;qEW6oBuN;Zfr81DPC;Ihatsy5G;M2ewJVbn;4z39LXKQ;
dpci7OUg;mFRj0vHA;TSYlxkqE;W6oBuNZf;r81DPCIh;atsy5GM2;
ewJVbn4z;39LXKQdp;ci7OUgmF;Rj0vHATS;YlxkqEW6;oBuNZfr8;
1DPCIhat;sy5GM2ew;JVbn4z39;LXKQdpci;7OUgmFRj;0vHATSYl;
xkqEW6oB;uNZfr81D;PCIhatsy;5GM2ewJV;bn4z39LX;KQdpci7O;
UgmFRj0v;HATSYlxk;qEW6oBuN;Zfr81DPC;Ihatsy5G;M2ewJVbn;
4z39LXKQ;dpci7OUg;mFRj0vHA;TSYlxkqE;W6oBuNZf;r81DPCIh;
atsy5GM2;ewJVbn4z;39LXKQdp;ci7OUgmF;Rj0vHATS;YlxkqEW6;
oBuNZfr8;1DPCIhat;sy5GM2ew;JVbn4z39;LXKQdpci;7OUgmFRj;
0vHATSYl;xkqEW6oB;uNZfr81D;PCIhatsy;5GM2ewJV;bn4z39LX;
KQdpci7O;UgmFRj0v;HATSYlxk;qEW6oBuN;Zfr81DPC;Ihatsy5G;
M2ewJVbn;4z39LXKQ;dpci7OUg;mFRj0vHA;TSYlxkqE;W6oBuNZf;
r81DPCIh;atsy5GM2;ewJVbn4z;39LXKQdp;ci7OUgmF;Rj0vHATS;
YlxkqEW6;oBuNZfr8;1DPCIhat;sy5GM2ew;JVbn4z39;LXKQdpci;
7OUgmFRj;0vHATSYl;xkqEW6oB;uNZfr81D;PCIhatsy;5GM2ewJV;
bn4z39LX;KQdpci7O;UgmFRj0v;HATSYlxk;qEW6oBuN;Zfr81DPC;
Ihatsy5G;M2ewJVbn;4z39LXKQ;dpci7OUg;mFRj0vHA;TSYlxkqE;
W6oBuNZf;r81DPCIh;atsy5GM2;ewJVbn4z;39LXKQdp;ci7OUgmF;
Rj0vHATS;YlxkqEW6;oBuNZfr8;1DPCIhat;sy5GM2ew;JVbn4z39;
LXKQdpci;7OUgmFRj;0vHATSYl;xkqEW6oB;uNZfr81D;PCIhatsy;
5GM2ewJV;bn4z39LX;KQdpci7O;UgmFRj0v;HATSYlxk;qEW6oBuN;
Zfr81DPC;Ihatsy5G;M2ewJVbn;4z39LXKQ;dpci7OUg;mFRj0vHA;
TSYlxkqE;W6oBuNZf;r81DPCIh;atsy5GM2;ewJVbn4z;39LXKQdp;
ci7OUgmF;Rj0vHATS;YlxkqEW6;oBuNZfr8;1DPCIhat;sy5GM2ew;
JVbn4z39;LXKQdpci;7OUgmFRj;0vHATSYl;xkqEW6oB;uNZfr81D;
PCIhatsy;5GM2ewJV;bn4z39LX;KQdpci7O;UgmFRj0v;HATSYlxk;
qEW6oBuN;Zfr81DPC;Ihatsy5G;M2ewJVbn;4z39LXKQ;dpci7OUg;
mFRj0vHA;TSYlxkqE;W6oBuNZf;r81DPCIh;atsy5GM2;ewJVbn4z;
39LXKQdp;ci7OUgmF;Rj0vHATS;YlxkqEW6;oBuNZfr8;1DPCIhat;
sy5GM2ew;JVbn4z39;LXKQdpci;7OUgmFRj;0vHATSYl;xkqEW6oB;
uNZfr81D;PCIhatsy;5GM2ewJV;bn4z39LX;KQdpci7O;UgmFRj0v;
HATSYlxk;qEW6oBuN;Zfr81DPC;Ihatsy5G;M2ewJVbn;4z39LXKQ;
dpci7OUg;mFRj0vHA;TSYlxkqE;W6oBuNZf;r81DPCIh;atsy5GM2;
ewJVbn4z;39LXKQdp;ci7OUgmF;Rj0vHATS;YlxkqEW6;oBuNZfr8;
1DPCIhat;sy5GM2ew;JVbn4z39;LXKQdpci;7OUgmFRj;0vHATSYl;
xkqEW6oB;uNZfr81D;PCIhatsy;5GM2ewJV;bn4z39LX;KQdpci7O;
UgmFRj0v;HATSYlxk;qEW6oBuN;Zfr81DPC;Ihatsy5G;M2ewJVbn;
4z39LXKQ;dpci7OUg;mFRj0vHA;TSYlxkqE;W6oBuNZf;r81DPCIh;
atsy5GM2;ewJVbn4z;39LXKQdp;ci7OUgmF;Rj0vHATS;YlxkqEW6;
oBuNZfr8;1DPCIhat;sy5GM2ew;JVbn4z39;LXKQdpci;7OUgmFRj;
0vHATSYl;xkqEW6oB;uNZfr81D;PCIhatsy;5GM2ewJV;bn4z39LX;
KQdpci7O;UgmFRj0v;HATSYlxk;qEW6oBuN;Zfr81DPC;Ihatsy5G;
M2ewJVbn;4z39LXKQ;dpci7OUg;mFRj0vHA;TSYlxkqE;W6oBuNZf;
r81DPCIh;atsy5GM2;ewJVbn4z;39LXKQdp;ci7OUgmF;Rj0vHATS;
YlxkqEW6;oBuNZfr8;1DPCIhat;sy5GM2ew;JVbn4z39;LXKQdpci;
7OUgmFRj;0vHATSYl;xkqEW6oB;uNZfr81D;PCIhatsy;5GM2ewJV;
bn4z39LX;KQdpci7O;UgmFRj0v;HATSYlxk;qEW6oBuN;Zfr81DPC;
Ihatsy5G;M2ewJVbn;4z39LXKQ;dpci7OUg;mFRj0vHA;TSYlxkqE;
W6oBuNZf;r81DPCIh;atsy5GM2;ewJVbn4z;39LXKQdp;ci7OUgmF;
Rj0vHATS;YlxkqEW6;oBuNZfr8;1DPCIhat;sy5GM2ew;JVbn4z39;
LXKQdpci;7OUgmFRj;0vHATSYl;xkqEW6oB;uNZfr81D;PCIhatsy;
5GM2ewJV;bn4z39LX;KQdpci7O;UgmFRj0v;HATSYlxk;qEW6oBuN;
Zfr81DPC;Ihatsy5G;M2ewJVbn;4z39LXKQ;dpci7OUg;mFRj0vHA;
TSYlxkqE;W6oBuNZf;r81DPCIh;atsy5GM2;ewJVbn4z;39LXKQdp;
ci7OUgmF;Rj0vHATS;YlxkqEW6;oBuNZfr8;1DPCIhat;sy5GM2ew;
JVbn4z39;LXKQdpci;7OUgmFRj;0vHATSYl;xkqEW6oB;uNZfr81D;
PCIhatsy;5GM2ewJV;bn4z39LX;KQdpci7O;UgmFRj0v;HATSYlxk;
qEW6oBuN;Zfr81DPC;Ihatsy5G;M2ewJVbn;4z39LXKQ;dpci7OUg;
mFRj0vHA;TSYlxkqE;W6oBuNZf;r81DPCIh;atsy5GM2;ewJVbn4z;
39LXKQdp;ci7OUgmF;Rj0vHATS;YlxkqEW6;oBuNZfr8;1DPCIhat;
sy5GM2ew;JVbn4z39;LXKQdpci;7OUgmFRj;0vHATSYl;xkqEW6oB;
uNZfr81D;PCIhatsy;5GM2ewJV;bn4z39LX;KQdpci7O;UgmFRj0v;
HATSYlxk;qEW6oBuN;Zfr81DPC;Ihatsy5G;M2ewJVbn;4z39LXKQ;
dpci7OUg;mFRj0vHA;TSYlxkqE;W6oBuNZf;r81DPCIh;atsy5GM2;
ewJVbn4z;39LXKQdp;ci7OUgmF;Rj0vHATS;YlxkqEW6;oBuNZfr8;
1DPCIhat;sy5GM2ew;JVbn4z39;LXKQdpci;7OUgmFRj;0vHATSYl;
xkqEW6oB;uNZfr81D;PCIhatsy;5GM2ewJV;bn4z39LX;KQdpci7O;
UgmFRj0v;HATSYlxk;qEW6oBuN;Zfr81DPC;Ihatsy5G;M2ewJVbn;
4z39LXKQ;dpci7OUg;mFRj0vHA;TSYlxkqE;W6oBuNZf;r81DPCIh;
atsy5GM2;ewJVbn4z;39LXKQdp;ci7OUgmF;Rj0vHATS;YlxkqEW6;
oBuNZfr8;1DPCIhat;sy5GM2ew;JVbn4z39;LXKQdpci;7OUgmFRj;
0vHATSYl;xkqEW6oB;uNZfr81D;PCIhatsy;5GM2ewJV;bn4z39LX;
KQdpci7O;UgmFRj0v;HATSYlxk;qEW6oBuN;Zfr81DPC;Ihatsy5G;
M2ewJVbn;4z39LXKQ;dpci7OUg;mFRj0vHA;TSYlxkqE;W6oBuNZf;
r81DPCIh;atsy5GM2;ewJVbn4z;39LXKQdp;ci7OUgmF;Rj0vHATS;
YlxkqEW6;oBuNZfr8;1DPCIhat;sy5GM2ew;JVbn4z39;LXKQdpci;
7OUgmFRj;0vHATSYl;xkqEW6oB;uNZfr81D;PCIhatsy;5GM2ewJV;
bn4z39LX;KQdpci7O;UgmFRj0v;HATSYlxk;qEW6oBuN;Zfr81DPC;
Ihatsy5G;M2ewJVbn;4z39LXKQ;dpci7OUg;mFRj0vHA;TSYlxkqE;
W6oBuNZf;r81DPCIh;atsy5GM2;ewJVbn4z;39LXKQdp;ci7OUgmF;
Rj0vHATS;YlxkqEW6;oBuNZfr8;1DPCIhat;sy5GM2ew;JVbn4z39;
LXKQdpci;7OUgmFRj;0vHATSYl;xkqEW6oB;uNZfr81D;PCIhatsy;
5GM2ewJV;bn4z39LX;KQdpci7O;UgmFRj0v;HATSYlxk;qEW6oBuN;
Zfr81DPC;Ihatsy5G;M2ewJVbn;4z39LXKQ;dpci7OUg;mFRj0vHA;
TSYlxkqE;W6oBuNZf;r81DPCIh;atsy5GM2;ewJVbn4z;39LXKQdp;
ci7OUgmF;Rj0vHATS;YlxkqEW6;oBuNZfr8;1DPCIhat;sy5GM2ew;
JVbn4z39;LXKQdpci;7OUgmFRj;0vHATSYl;xkqEW6oB;uNZfr81D;
PCIhatsy;5GM2ewJV;bn4z39LX;KQdpci7O;UgmFRj0v;HATSYlxk;
qEW6oBuN;Zfr81DPC;Ihatsy5G;M2ewJVbn;4z39LXKQ;dpci7OUg;
mFRj0vHA;TSYlxkqE;W6oBuNZf;r81DPCIh;atsy5GM2;ewJVbn4z;
39LXKQdp;ci7OUgmF;Rj0vHATS;YlxkqEW6;oBuNZfr8;1DPCIhat;
sy5GM2ew;JVbn4z39;LXKQdpci;7OUgmFRj;0vHATSYl;xkqEW6oB;
uNZfr81D;PCIhatsy;5GM2ewJV;bn4z39LX;KQdpci7O;UgmFRj0v;
HATSYlxk;qEW6oBuN;Zfr81DPC;Ihatsy5G;M2ewJVbn;4z39LXKQ;
dpci7OUg;mFRj0vHA;TSYlxkqE;W6oBuNZf;r81DPCIh;atsy5GM2;
ewJVbn4z;39LXKQdp;ci7OUgmF;Rj0vHATS;YlxkqEW6;oBuNZfr8;
1DPCIhat;sy5GM2ew;JVbn4z39;LXKQdpci;7OUgmFRj;0vHATSYl;
xkqEW6oB;uNZfr81D;PCIhatsy;5GM2ewJV;bn4z39LX;KQdpci7O;
UgmFRj0v;HATSYlxk;qEW6oBuN;Zfr81DPC;Ihatsy5G;M2ewJVbn;
4z39LXKQ;dpci7OUg;mFRj0vHA;TSYlxkqE;W6oBuNZf;r81DPCIh;
atsy5GM2;ewJVbn4z;39LXKQdp;ci7OUgmF;Rj0vHATS;YlxkqEW6;
oBuNZfr8;1DPCIhat;sy5GM2ew;JVbn4z39;LXKQdpci;7OUgmFRj;
0vHATSYl;xkqEW6oB;uNZfr81D;PCIhatsy;5GM2ewJV;bn4z39LX;
KQdpci7O;UgmFRj0v;HATSYlxk;qEW6oBuN;Zfr81DPC;Ihatsy5G;
M2ewJVbn;4z39LXKQ;dpci7OUg;mFRj0vHA;TSYlxkqE;W6oBuNZf;
r81DPCIh;atsy5GM2;ewJVbn4z;39LXKQdp;ci7OUgmF;Rj0vHATS;
YlxkqEW6;oBuNZfr8;1DPCIhat;sy5GM2ew;JVbn4z39;LXKQdpci;
7OUgmFRj;0vHATSYl;xkqEW6oB;uNZfr81D;PCIhatsy;5GM2ewJV;
bn4z39LX;KQdpci7O;UgmFRj0v;HATSYlxk;qEW6oBuN;Zfr81DPC;
Ihatsy5G;M2ewJVbn;4z39LXKQ;dpci7OUg;mFRj0vHA;TSYlxkqE;
W6oBuNZf;r81DPCIh;atsy5GM2;ewJVbn4z;39LXKQdp;ci7OUgmF;
Rj0vHATS;YlxkqEW6;oBuNZfr8;1DPCIhat;sy5GM2ew;JVbn4z39;
LXKQdpci;7OUgmFRj;0vHATSYl;xkqEW6oB;uNZfr81D;PCIhatsy;
5GM2ewJV;bn4z39LX;KQdpci7O;UgmFRj0v;HATSYlxk;qEW6oBuN;
Zfr81DPC;Ihatsy5G;M2ewJVbn;4z39LXKQ;dpci7OUg;mFRj0vHA;
TSYlxkqE;W6oBuNZf;r81DPCIh;atsy5GM2;ewJVbn4z;39LXKQdp;
ci7OUgmF;Rj0vHATS;YlxkqEW6;oBuNZfr8;1DPCIhat;sy5GM2ew;
JVbn4z39;LXKQdpci;7OUgmFRj;0vHATSYl;xkqEW6oB;uNZfr81D;
PCIhatsy;5GM2ewJV;bn4z39LX;KQdpci7O;UgmFRj0v;HATSYlxk;
qEW6oBuN;Zfr81DPC;Ihatsy5G;M2ewJVbn;4z39LXKQ;dpci7OUg;
mFRj0vHA;TSYlxkqE;W6oBuNZf;r81DPCIh;atsy5GM2;ewJVbn4z;
39LXKQdp;ci7OUgmF;Rj0vHATS;YlxkqEW6;oBuNZfr8;1DPCIhat;
sy5GM2ew;JVbn4z39;LXKQdpci;7OUgmFRj;0vHATSYl;xkqEW6oB;
uNZfr81D;PCIhatsy;5GM2ewJV;bn4z39LX;KQdpci7O;UgmFRj0v;
HATSYlxk;qEW6oBuN;Zfr81DPC;Ihatsy5G;M2ewJVbn;4z39LXKQ;
dpci7OUg;mFRj0vHA;TSYlxkqE;W6oBuNZf;r81DPCIh;atsy5GM2;
ewJVbn4z;39LXKQdp;ci7OUgmF;Rj0vHATS;YlxkqEW6;oBuNZfr8;
1DPCIhat;sy5GM2ew;JVbn4z39;LXKQdpci;7OUgmFRj;0vHATSYl;
xkqEW6oB;uNZfr81D;PCIhatsy;5GM2ewJV;bn4z39LX;KQdpci7O;
UgmFRj0v;HATSYlxk;qEW6oBuN;Zfr81DPC;Ihatsy5G;M2ewJVbn;
4z39LXKQ;dpci7OUg;mFRj0vHA;TSYlxkqE;W6oBuNZf;r81DPCIh;
atsy5GM2;ewJVbn4z;39LXKQdp;ci7OUgmF;Rj0vHATS;YlxkqEW6;
oBuNZfr8;1DPCIhat;sy5GM2ew;JVbn4z39;LXKQdpci;7OUgmFRj;
0vHATSYl;xkqEW6oB;uNZfr81D;PCIhatsy;5GM2ewJV;bn4z39LX;
KQdpci7O;UgmFRj0v;HATSYlxk;qEW6oBuN;Zfr81DPC;Ihatsy5G;
M2ewJVbn;4z39LXKQ;dpci7OUg;mFRj0vHA;TSYlxkqE;W6oBuNZf;
r81DPCIh;atsy5GM2;ewJVbn4z;39LXKQdp;ci7OUgmF;Rj0vHATS;
YlxkqEW6;oBuNZfr8;1DPCIhat;sy5GM2ew;JVbn4z39;LXKQdpci;
7OUgmFRj;0vHATSYl;xkqEW6oB;uNZfr81D;PCIhatsy;5GM2ewJV;
bn4z39LX;KQdpci7O;UgmFRj0v;HATSYlxk;qEW6oBuN;Zfr81DPC;
Ihatsy5G;M2ewJVbn;4z39LXKQ;dpci7OUg;mFRj0vHA;TSYlxkqE;
W6oBuNZf;r81DPCIh;atsy5GM2;ewJVbn4z;39LXKQdp;ci7OUgmF;
Rj0vHATS;YlxkqEW6;oBuNZfr8;1DPCIhat;sy5GM2ew;JVbn4z39;
LXKQdpci;7OUgmFRj;0vHATSYl;xkqEW6oB;uNZfr81D;PCIhatsy;
5GM2ewJV;bn4z39LX;KQdpci7O;UgmFRj0v;HATSYlxk;qEW6oBuN;
Zfr81DPC;Ihatsy5G;M2ewJVbn;4z39LXKQ;dpci7OUg;mFRj0vHA;
TSYlxkqE;W6oBuNZf;r81DPCIh;atsy5GM2;ewJVbn4z;39LXKQdp;
ci7OUgmF;Rj0vHATS;YlxkqEW6;oBuNZfr8;1DPCIhat;sy5GM2ew;
JVbn4z39;LXKQdpci;7OUgmFRj;0vHATSYl;xkqEW6oB;uNZfr81D;
PCIhatsy;5GM2ewJV;bn4z39LX;KQdpci7O;UgmFRj0v;HATSYlxk;
qEW6oBuN;Zfr81DPC;Ihatsy5G;M2ewJVbn;4z39LXKQ;dpci7OUg;
mFRj0vHA;TSYlxkqE;W6oBuNZf;r81DPCIh;atsy5GM2;ewJVbn4z;
39LXKQdp;ci7OUgmF;Rj0vHATS;YlxkqEW6;oBuNZfr8;1DPCIhat;
sy5GM2ew;JVbn4z39;LXKQdpci;7OUgmFRj;0vHATSYl;xkqEW6oB;
uNZfr81D;PCIhatsy;5GM2ewJV;bn4z39LX;KQdpci7O;UgmFRj0v;
HATSYlxk;qEW6oBuN;Zfr81DPC;Ihatsy5G;M2ewJVbn;4z39LXKQ;
dpci7OUg;mFRj0vHA;TSYlxkqE;W6oBuNZf;r81DPCIh;atsy5GM2;
ewJVbn4z;39LXKQdp;ci7OUgmF;Rj0vHATS;YlxkqEW6;oBuNZfr8;
1DPCIhat;sy5GM2ew;JVbn4z39;LXKQdpci;7OUgmFRj;0vHATSYl;
xkqEW6oB;uNZfr81D;PCIhatsy;5GM2ewJV;bn4z39LX;KQdpci7O;
UgmFRj0v;HATSYlxk;qEW6oBuN;Zfr81DPC;Ihatsy5G;M2ewJVbn;
4z39LXKQ;dpci7OUg;mFRj0vHA;TSYlxkqE;W6oBuNZf;r81DPCIh;
atsy5GM2;ewJVbn4z;39LXKQdp;ci7OUgmF;Rj0vHATS;YlxkqEW6;
oBuNZfr8;1DPCIhat;sy5GM2ew;JVbn4z39;LXKQdpci;7OUgmFRj;
0vHATSYl;xkqEW6oB;uNZfr81D;PCIhatsy;5GM2ewJV;bn4z39LX;
KQdpci7O;UgmFRj0v;HATSYlxk;qEW6oBuN;Zfr81DPC;Ihatsy5G;
M2ewJVbn;4z39LXKQ;dpci7OUg;mFRj0vHA;TSYlxkqE;W6oBuNZf;
r81DPCIh;atsy5GM2;ewJVbn4z;39LXKQdp;ci7OUgmF;Rj0vHATS;
YlxkqEW6;oBuNZfr8;1DPCIhat;sy5GM2ew;JVbn4z39;LXKQdpci;
7OUgmFRj;0vHATSYl;xkqEW6oB;uNZfr81D;PCIhatsy;5GM2ewJV;
